Voltage (V),Current (A),Temperature (?C),Vibration (mm/s),Label
460.01,1.79,118.33,22.37,high
419.12,15.52,36.93,2.18,normal
380.53,30.78,83.08,12.06,moderate
382.82,12.5,54.33,4.48,normal
333.79,0.96,118.99,24.41,high
375.38,6.89,41.57,3.2,low
417.04,19.01,37.29,9.03,low
378.9,10.44,62.17,3.56,low
465.23,0.96,104.33,29.87,high
340.71,14.79,80.37,3.83,moderate
417.52,10.4,68.54,8.52,low
349.46,17.98,52.98,16.32,moderate
329,0.74,93.59,23.77,high
203.93,0.22,106.44,25.77,high
383.29,17.8,59.33,0.32,normal
397.12,11.63,36.29,4.61,normal
473,36.73,114.51,29.18,high
406.27,15.93,52.57,2.04,normal
401.52,16.92,56.48,1.81,normal
470.2,1.44,96.57,23.67,high
389.18,11.77,31.46,2.18,normal
401.55,11.63,72.33,17.75,moderate
391.97,10.42,61.06,5.33,low
400.47,18.93,45.79,9.75,low
468.51,0.79,92.7,26.36,high
357.36,17.14,42.47,17.91,moderate
383.65,6.25,65.95,2.16,low
410.67,18.66,43.15,0.47,normal
357.34,19.16,87.5,18.53,moderate
413.37,13.32,51.6,0.29,normal
411.25,10.22,43.49,0.34,normal
463.71,1.38,119.49,28.29,high
403.74,26.8,74.29,3.15,moderate
364.61,13.94,56.5,6.02,low
397.73,13.07,41.48,1.08,normal
379.42,9.52,33.7,0.82,low
343.84,32.09,37.17,15.3,moderate
400.99,19.39,30.47,1.5,normal
356.91,15.71,87.78,2.75,moderate
391.18,18.74,50.58,4.81,normal
400.44,12.01,67.67,7.49,low
398.1,17.69,42,3.51,normal
230.23,47.51,105.97,28.15,high
387.46,16.45,66.07,4.66,low
406.1,15.64,58.8,2.64,normal
360.38,5.52,41.43,0.11,low
476.22,45.31,94.65,22.38,high
387.42,13.56,47.91,1.88,normal
469.87,0.18,105.73,21.39,high
414.41,10.6,85.79,11.01,moderate
371.69,10.67,56.64,8.02,low
350.39,14.21,71.88,14.01,moderate
396,11.23,30.67,1.19,normal
375.03,9.46,44.27,3.09,low
397.94,16.02,31.61,3.76,normal
388.92,10.45,34.49,1.92,normal
396.07,9.67,57.26,3.73,low
232.37,0.11,91.74,26.73,high
419.18,17.83,86.1,16.54,moderate
313.38,47.33,92.1,23.05,high
388.91,12.95,45.44,1.11,normal
345.76,12.65,72.32,15.24,moderate
358.61,17.31,77.02,12.26,moderate
462.19,1.67,111.03,27.43,high
470.62,40.5,101.89,21.71,high
476.46,44.1,114.37,23.03,high
404.57,12.95,65.48,3.28,low
378.96,15.11,66.41,3.46,low
384.14,18.2,32.23,3.03,normal
343.39,11.35,47.43,10.52,moderate
418.75,12.61,69.77,2.44,low
376.63,5.54,59.12,0.9,low
332.52,43.96,107.43,21.27,high
395,30.56,72.08,15.79,moderate
469.38,35.16,98.63,21.07,high
402.39,11.29,59.5,3.37,normal
466.48,0.73,93.34,25.91,high
337.49,0.39,92.19,25.99,high
287.27,1.16,94.18,25.54,high
344.84,26.83,58.94,12.82,moderate
389.23,10.57,37.08,2.81,normal
412.55,15.06,44.93,0.22,normal
370.15,12.24,69.67,0.96,low
390.43,15.89,42.06,2.88,normal
465.44,0.8,102.81,27.53,high
273.92,1.56,102.74,27.08,high
381.51,5.09,35.45,4.97,low
247.05,0.56,97.77,20.68,high
414.67,19.65,71.41,17.64,moderate
295.54,1.54,108.58,22.99,high
298.88,42.66,115.2,21.39,high
410.57,7.3,34.94,1.34,low
380.81,5.18,67.02,0.61,low
414.79,26.51,89.98,3.34,moderate
464.78,36.32,92.79,29.6,high
467.83,1.89,111.4,24.11,high
372.52,6.88,37.66,3.76,low
415.25,19,58.95,0.88,normal
382.49,17.01,66.95,0.65,low
414.67,7.14,62.56,0.79,low
349.38,26.1,76.3,2.38,moderate
402.6,10.8,69.81,2.7,low
414.98,15.36,47.49,3.83,normal
385.5,12.67,36.34,0.74,normal
398.96,6.96,66.53,3.33,low
397.59,10.08,42.6,7.08,low
359.44,26.84,33.84,0.48,moderate
308.59,39.63,107.47,28.1,high
479.93,36.38,117.7,27.67,high
342.1,15.34,73.84,19.46,moderate
355.33,27.36,83.76,1.44,moderate
389.74,31.11,71.79,0.34,moderate
375.94,8.63,58.52,1.47,low
345.74,14.82,49.51,12.78,moderate
468.46,43.96,116.16,24.18,high
353.36,17.42,76.34,18.62,moderate
250.09,0.25,110.07,24.71,high
284.75,35.98,105.17,26.21,high
406.39,15.03,54.06,1.31,normal
355.78,17.41,82.62,14.3,moderate
411.64,11.56,51.24,1.26,normal
245,46.27,109.84,22.62,high
378.08,12.9,54.81,3.29,low
399.81,16.34,46.56,0.23,normal
391.53,25.75,89.68,14.7,moderate
347.36,16.54,73.53,1.73,moderate
351.71,32.03,44.83,4.21,moderate
345.62,11.78,47.89,11.95,moderate
397.57,18.08,57.62,1.6,normal
387.02,16.36,44.05,0.69,normal
397.47,19.45,52.24,4.02,normal
402.47,18.55,33.12,0.4,normal
299.27,43.14,105.57,23.57,high
392.26,11.53,39.57,0.86,normal
206.35,1.62,111.49,27.58,high
385.31,34.32,81.99,4.65,moderate
390.47,17.67,39.24,1.1,normal
413.76,12.47,48.15,6.09,low
369.17,18.91,40.73,1.19,low
461.93,0.95,111.32,22.24,high
262.1,1.5,109.39,28.87,high
400.79,18.53,54.39,4.38,normal
353.5,15.73,74.22,3.68,moderate
358.28,30.77,57.37,16.16,moderate
388.99,10.97,66.53,2.35,low
388.41,13.25,44.2,3.25,normal
388.29,16.96,53.93,1.53,normal
407.48,10.93,86.26,11.21,moderate
342.8,17.77,35.32,16.87,moderate
336.22,48.3,103.7,20.72,high
462.79,1.32,117.49,21.23,high
353.81,18.89,74.03,2.16,moderate
356.64,13.82,76.39,15.28,moderate
463.31,38.12,97.43,21.95,high
400.6,15.33,55.52,2.84,normal
475.1,1.64,95.84,25.69,high
362.8,18.25,36.75,4.55,low
393.52,12.19,39.95,0.84,normal
349.42,33.62,39.57,16.09,moderate
353.96,19.46,76.63,4.76,moderate
393.89,26.47,72.27,0.16,moderate
409.88,16.7,50.48,0.07,normal
393.49,9.26,67.58,2.35,low
471.19,0.34,119.27,20.15,high
388.05,11.85,35.45,0.8,normal
393.65,15.21,66.78,2.35,low
382.71,10.09,49.93,2.1,normal
259.82,39.18,117.06,28.3,high
398.59,14.19,74.29,14.63,moderate
363.47,8.62,47.87,3.26,low
389.67,11.09,35.34,3.66,normal
386.98,17.56,54.3,9.51,low
476.47,40.54,111.85,28.6,high
397.37,25.27,79.78,15.81,moderate
214.79,39.88,117.24,25.32,high
403.01,16.87,58.11,0.5,normal
415.67,11.84,39.18,0.5,normal
381.2,16.45,43.03,2.41,normal
465.16,0.89,102.13,23.63,high
317.21,45.14,100.97,29.81,high
386.5,11.5,50.48,1.71,normal
406.52,14.82,54.87,2.71,normal
354.37,15.2,81.3,0.17,moderate
400.02,16.99,63.4,6.26,low
386.93,32.03,59.34,18.23,moderate
410.98,16.24,48.66,4.95,normal
371.19,12.23,57.07,2.67,low
386.1,9.61,60.8,3.53,low
348.63,32.18,74.37,3.87,moderate
402.26,19.48,30.18,2.25,normal
406.51,16.4,64.53,6.57,low
413.61,12.82,38.73,0.26,normal
359.28,31.25,76.95,1.37,moderate
396.91,33.22,73.31,15.4,moderate
383.89,17.48,42.48,4.74,normal
412.73,27.21,83.17,3.97,moderate
416.89,13.84,49.86,2.12,normal
417.18,31.29,82.35,13.83,moderate
418.67,18.53,65.28,5.16,low
223.25,1.45,108.48,26.67,high
359.23,12.78,74.22,3.17,moderate
360.8,14.3,62.75,2.71,low
377.76,14.08,55.08,3.52,low
368.58,16.96,35.41,6.69,low
384.32,15.54,30.58,2.24,normal
340.87,32.86,73.89,4.96,moderate
405.44,10.78,33.31,3.89,normal
383.14,13.29,51.27,1.2,normal
347.06,13.57,70.4,4.89,moderate
412.5,19.25,43.17,0.97,normal
416.69,8.04,63.72,3.02,low
417.47,19.04,50.11,1.73,normal
359.78,26.52,53.08,13,moderate
419.07,17.98,53.55,0.44,normal
402.58,16.24,47.58,2.82,normal
289.83,37.86,112.49,28.42,high
355.14,16.07,87.02,17.5,moderate
413.16,13.73,34.83,9.06,low
397.33,30.62,35.41,12.54,moderate
318.4,48.39,98.48,28.98,high
411.39,15.32,57.59,2.16,normal
235.34,0.66,108.01,22.35,high
399.65,10.06,82.14,17.66,moderate
413.77,17.97,45.09,4.59,normal
393.52,11.62,63.78,0.38,low
384.94,12.71,73.23,16.97,moderate
385.75,10.49,62.21,1.78,low
474.75,38.75,97.9,27.89,high
204.11,1.71,115.1,26.08,high
325.14,41.15,96.34,27.41,high
408.95,15.4,59.24,0.91,normal
402.74,10.96,33.41,3.81,normal
358.52,11.03,81.16,0.92,moderate
274.22,45.1,107.5,20.08,high
349.15,27.88,32.98,3.45,moderate
358.3,13.19,80.09,1.95,moderate
324.17,0.27,110.34,22.65,high
339.03,1.93,114.86,21.55,high
405.13,5.47,48.71,4.42,low
344.41,15.44,88.24,12.53,moderate
395.88,9.14,32.72,5.52,low
419.8,18.91,51.64,4.07,normal
340.42,17.5,36.78,18.92,moderate
351.7,25.12,47.88,17.22,moderate
355.58,17.26,74.49,18.91,moderate
352.5,26.63,50,18.84,moderate
472.93,1.9,112.46,24.23,high
460.76,0.82,95.17,28.45,high
475.59,0.07,99.2,23.54,high
406.81,15.04,37.41,4,normal
380.63,17.54,52.88,4.59,normal
405.56,14.96,47.9,2.06,normal
475.34,38.09,102.74,22.42,high
362.36,14.18,38.08,9.29,low
460.43,1.94,108.67,29.96,high
461.56,42.49,104.19,24.67,high
464.29,48.87,108.22,28.5,high
308.64,0.54,103.99,27.01,high
468.29,45.73,110.54,29.72,high
393.34,12.69,61.67,4.25,low
398.41,12.65,64.66,4.46,low
415.74,9.36,49.8,3.95,low
377.29,15.82,62.23,0.64,low
390.37,19.15,86.67,19,moderate
207.66,0.32,102.05,24.5,high
465.52,44.24,112.69,20.17,high
315.88,0.83,118.14,21.49,high
355.91,19.15,76.96,14.18,moderate
352.72,28.17,36.04,3.1,moderate
392.24,12.43,32.65,4.51,normal
405.8,13.03,64.57,4.58,low
413.84,12.85,57.49,2.92,normal
470.06,0.79,107.69,28.82,high
394.78,7.15,57.53,3.45,low
408.48,17.41,61.32,3.78,low
412.68,32.98,86.11,18.2,moderate
373.94,5.6,54.29,4.72,low
410.33,19.3,30.83,3.05,normal
358.89,16.44,45.87,15.11,moderate
346.79,28.13,78.55,1.13,moderate
253.42,42.34,102,27.18,high
384.28,17.17,64.89,7.84,low
461.42,37.01,113.71,25.3,high
296.32,1.21,114.89,25.58,high
232.6,1.47,114.78,28.97,high
405.6,9.48,30.56,8.3,low
325.8,45.78,104.45,20.52,high
354.13,18.67,40.92,16.96,moderate
385.43,14.04,48.78,2.41,normal
471.74,44.38,104.61,25.27,high
366.94,17.16,65.82,3.52,low
399.41,8.4,49.65,8.17,low
381.83,28.7,86.62,4.33,moderate
412.43,15.85,84.39,11.6,moderate
467.69,1.55,106.53,29.11,high
381.77,31.42,47.96,17.65,moderate
413.84,7.67,60.79,3.74,low
406.16,17.99,40.07,4.16,normal
373.77,14.53,68.84,0.28,low
404.81,19.34,67.08,5.5,low
395.47,19.78,34.02,5.51,low
242.17,45.16,106.61,27.55,high
419.55,19.01,33.42,1.44,normal
392.87,7.67,30.86,8.58,low
470.03,1.51,114.48,20.1,high
395.95,14.73,38.7,2.63,normal
394.3,14.34,77.33,18.96,moderate
474.49,44.75,92.15,22.3,high
350.56,27.84,36.61,13.13,moderate
404.82,15.29,69.22,9.51,low
395.23,17.99,34.78,0.7,normal
385.89,17.96,83.06,15.07,moderate
287.79,45.18,109.02,22.39,high
359.16,29.46,72.63,4.36,moderate
386.43,13.24,68.4,5.12,low
476.81,47.53,119.68,26.34,high
318.88,46.29,94.36,25.14,high
467.25,43.84,96.88,24.32,high
399.92,10.83,40.46,1.76,normal
408.11,9.4,66.68,3.55,low
391.62,8.07,33.5,3.05,low
402.96,13.84,78.63,14.55,moderate
368.64,12.5,50.89,0.88,low
382.13,6.99,65.97,0.88,low
369.23,19.53,62.19,4.17,low
386.58,15.62,36.46,2.87,normal
408.46,6.34,46.38,0.51,low
360.72,14.48,44.97,0.84,low
395.01,17.05,30.04,6.96,low
367.67,15.24,35.95,8.55,low
405.6,12.65,70.95,17.8,moderate
388.34,15.48,35.45,4.31,normal
209.88,40.1,99.37,24.65,high
470.17,42.48,90.19,21.88,high
352.16,10.06,80.47,13.85,moderate
304.05,43.83,117.34,22.79,high
408.28,11.31,65.01,4.21,low
389.56,13.27,34.71,0.56,normal
405.6,12.4,37.32,0.09,normal
395.77,29.34,37.15,19.36,moderate
402.35,12.21,50.26,0.76,normal
381.06,17.95,34.38,3.33,normal
357.82,27.47,38.41,19.35,moderate
466.01,41.84,96.37,20.29,high
405.64,14.11,39.09,2.04,normal
414.53,15.22,40.42,3.24,normal
388.84,10.1,51.2,2.28,normal
342.39,26.57,82.03,2.93,moderate
324.3,0.36,98.7,22.31,high
462.5,1.64,112.79,21.36,high
409.73,9.17,49.84,4.84,low
340.02,26.9,83.56,4.37,moderate
366.22,15.64,34.8,8.33,low
385.95,10.99,54.82,0.98,normal
473.17,37.32,91.65,25.93,high
388.65,14.36,36.35,1.49,normal
394.41,10.41,31.01,2.88,normal
349.28,30.4,84.39,0.09,moderate
392.23,16.54,30.85,1.46,normal
399.09,31.15,70.71,14.33,moderate
407.71,7.06,39.72,4.22,low
415.81,10.39,64.58,1.73,low
389.71,8.14,30.48,8.1,low
370.54,10.47,66.15,1.87,low
319.78,46.24,112.62,24.63,high
218.15,1.44,99.15,21.67,high
471.72,37.43,100.76,25.06,high
417.51,34.22,31.23,13.72,moderate
396.23,11.12,43.74,3.95,normal
369.18,10.48,50,5.64,low
365.88,10.77,55.69,3.18,low
461.84,49.44,99.18,20.41,high
378.32,12.14,59.34,2.83,low
412.36,10.45,61.93,5.05,low
351.47,34.09,71.58,3.67,moderate
460.08,49.98,96.18,21.92,high
387.94,8.45,52.78,2.03,low
470.9,49.34,113.47,25.19,high
388.36,34.75,72.03,13.47,moderate
215.55,1.93,106.28,27.95,high
392.82,19.76,32.62,1.66,normal
387.98,13.4,42.36,4.66,normal
390.66,15.02,61.57,1.65,low
399.54,17.23,59.65,1.47,normal
399.48,32.42,85.95,13.74,moderate
392.99,17.55,81.4,10.19,moderate
292.04,0.21,116.01,27.81,high
355.27,17.21,77.54,3.09,moderate
217.58,0.47,98.7,24.55,high
412.71,19.01,86.55,13.5,moderate
351.58,32.49,75.61,0,moderate
389.94,27.85,86.61,2.27,moderate
407.03,12.32,30.01,2.15,normal
468.84,46.02,98.8,24.67,high
411.31,9.17,30.8,8,low
471.97,41.54,109.01,26.14,high
252.01,0.47,96.02,28.55,high
397.1,28.86,52.47,12.5,moderate
368.16,8.68,36.77,1.45,low
473.01,42.06,101.13,25.1,high
352.88,25.39,33.52,14.44,moderate
343.61,29.86,38.08,1.72,moderate
414.78,16.05,30.24,0.65,normal
374.81,15.45,46.05,2.29,low
390.93,9.33,60.98,0.84,low
413.82,18.71,66.99,7.3,low
396.16,15.07,59.53,2.75,normal
418.27,29.21,84.28,12.8,moderate
414.87,10.34,47.73,4.31,normal
335.21,1.4,116.96,23.13,high
411.39,12.64,33.13,0.39,normal
341.69,31.07,58.78,16.81,moderate
406.59,10.46,56.38,2.12,normal
389.56,15.84,36.47,4.1,normal
382.38,7.29,63.21,2.29,low
220.92,1.22,98.51,27.13,high
413.67,11.49,56.87,0.77,normal
350.81,16.14,80.04,14.48,moderate
306.03,1.33,106.3,21.83,high
362.05,15.26,63.13,2.95,low
412.17,32.15,86.66,13.55,moderate
467.84,0.35,94.29,21.11,high
418.46,15.41,65.54,0.96,low
412.36,33.1,79.72,0.21,moderate
403.51,6.2,56.87,3.98,low
400.92,10.64,31.23,1.2,normal
260.85,0.91,90.37,24.9,high
398.81,7.47,63.47,0.41,low
374.11,13.49,38.07,2.88,low
402.99,14.29,58.74,4.34,normal
341.03,26.91,82.16,1.09,moderate
397.84,16.64,39.11,3.35,normal
479.79,1.68,90.28,20.91,high
342.09,33.68,49.87,1.43,moderate
366.19,10.44,33.29,9.88,low
398.94,18.25,68.09,0.87,low
411.12,13.58,55.71,3.55,normal
406.14,17.57,69.18,5.96,low
477.16,0.37,92.7,28.95,high
375.63,18.69,51.74,6.55,low
477.34,0.42,98.38,25.34,high
347.11,30.91,72.61,2.99,moderate
364.01,13.13,46.6,7.85,low
394.77,32.57,85.26,17.59,moderate
382.39,11.98,39.39,0.96,normal
395.96,15.18,49.24,8.35,low
418.67,34.47,50.53,15.54,moderate
366.17,18.72,47.27,4.62,low
260.93,0.5,117.27,28.44,high
410.67,14.12,32.66,0.46,normal
405.77,10.22,30.42,4.15,normal
462.37,38.35,101.76,25.59,high
411.5,18.5,77.99,10.8,moderate
382.53,30.23,40.12,12.45,moderate
241.13,39.36,101.35,24.47,high
349.25,33.57,42.91,10.52,moderate
380.42,11.4,54.49,3.63,normal
417.93,12.58,43.04,2.9,normal
414.55,12.08,41.5,3.74,normal
356.29,19.59,86.32,15.95,moderate
471.77,46.28,91.81,27.53,high
407.08,6.01,57.28,3.83,low
467.32,0.11,100.57,22.91,high
372.08,15.91,45.16,3.93,low
415.5,16.48,42.42,2.23,normal
419.09,34.71,73.82,2.53,moderate
351.85,31.63,83.62,3.79,moderate
475.56,45.41,97.68,20.55,high
460.2,1.17,103.53,29.19,high
392.7,14.21,31,0.64,normal
418.09,12.86,61.32,4.31,low
393.7,13.11,47.07,4.39,normal
387.98,12.15,50.04,2.82,normal
460.72,49.89,93.63,24.91,high
352.36,34.62,53.45,16.11,moderate
316.05,45.02,103.15,28.21,high
258.08,39.27,98.46,21.14,high
398.42,16.51,63.57,5.89,low
406.81,16.81,63.51,2.1,low
396.92,19.95,55.66,4,normal
463.23,1.17,94.13,22.45,high
378,8.95,48.17,2.17,low
304.64,0.23,98.06,22.87,high
389.95,18.19,84.09,10.18,moderate
345.22,11.99,89.97,16.87,moderate
388.03,14.3,33.86,2.33,normal
419.96,18.97,41.84,4.79,normal
387.69,14.53,41.61,0.79,normal
479.97,0.46,106.65,26.49,high
402.8,12.36,54.68,2.4,normal
386.87,33.68,87.8,15.86,moderate
386.97,12.92,38.67,9.76,low
307.64,42.36,118.58,22.53,high
475.76,44.63,115.1,25.11,high
289.79,0.52,115.38,27.02,high
382.22,9.46,68.03,3.36,low
369.74,11.02,40.17,1.08,low
205.61,0.45,106.01,26.62,high
414.25,13.72,62.74,4.47,low
381.4,16.93,41.82,4.76,normal
393.69,6.29,57.89,4.41,low
401.44,8.75,32.38,4.18,low
388.55,10.1,51.25,2.04,normal
376.59,18.23,53.36,9.87,low
299.99,0.64,98.63,28.53,high
343.21,27.08,88.48,1.91,moderate
464.96,43.82,100.76,28.5,high
357.23,18.12,82.08,17.06,moderate
410.84,11.5,31.11,1.19,normal
348.84,26.86,40.8,11.09,moderate
469.54,35.51,99.11,27.97,high
384.79,31.56,75,14.92,moderate
372.58,9.41,30.66,2.71,low
479.89,40.35,97.25,23.65,high
467.72,1,90.77,22.01,high
349.94,13.38,74.09,10.11,moderate
393.49,18.24,60.66,7.49,low
464.15,41.6,106.88,24.54,high
402.79,8.22,48.15,2.58,low
299.53,37.35,98.95,25.99,high
345.21,18.93,49.28,13.14,moderate
478.38,1.06,91.35,27.75,high
337.8,0.58,102.41,25.45,high
358,19.82,87.96,16.65,moderate
473,1.24,101.45,21.84,high
472.82,1.29,118.33,26.08,high
371.9,11.24,53.43,3.89,low
395.22,29.81,32.09,11.55,moderate
412.41,28.61,76.19,0.29,moderate
386.88,15.36,52.22,2.69,normal
402.33,18.26,37.95,2.62,normal
305.59,0,101.49,22.28,high
411.67,7.94,34.38,4.2,low
477.61,1.09,90.69,23.99,high
411.26,16.89,50.66,2.87,normal
355.14,11.45,85.34,0.24,moderate
218.96,1.29,117.03,20.83,high
348.55,34.64,34.12,19.54,moderate
379.58,17.78,62.71,2.7,low
476.03,1.64,109.26,22.05,high
388.49,10.18,47.77,2.76,normal
407.1,14.57,43.72,2.55,normal
415.06,8.11,49.79,0.54,low
398.6,15.24,68.8,0.72,low
398.17,16.25,38.59,4.05,normal
407.03,18.98,51.61,3.11,normal
350.79,18.25,83.89,2.65,moderate
406.69,14.55,40.56,2.47,normal
398.55,28.77,75.89,1.08,moderate
472.83,0.7,91.56,27.25,high
462.93,1.89,116.15,23.92,high
389.14,15.9,41.02,0.88,normal
383.69,18.5,64.63,2.42,low
321.36,1.62,90.94,29.03,high
348.5,14.87,88.27,4.56,moderate
353.97,18.17,86.88,19.52,moderate
398.58,13.69,44.55,2.48,normal
467.51,40.39,92.81,20.21,high
469.59,46.14,119.51,22.63,high
404.11,19.45,57.3,3.74,normal
416.93,12.7,57.45,0.47,normal
375.5,15.38,65.59,4.79,low
399.02,12.55,69.59,3.43,low
376.43,10.61,43.38,5.4,low
345.89,32.5,84.07,2.37,moderate
461.39,0.7,110.9,23.23,high
479.48,47.43,96.83,21.9,high
474.18,1.9,109.11,27.73,high
300.38,35.21,105.78,20.12,high
365.53,12.15,45.18,0.8,low
398.46,11.45,45.1,7.15,low
345.89,18.44,79.23,0.85,moderate
469.5,37.08,114.52,26.25,high
343.03,25.43,35.22,14.03,moderate
349.85,30.48,85.31,4.67,moderate
470.61,44.42,91.02,20.67,high
353.61,12.88,43.73,15.4,moderate
374.5,19.56,44.83,2.78,low
244.99,0.17,111.94,29.32,high
348.9,32.47,44.85,16.29,moderate
368.08,17.1,46.82,4.9,low
359.54,34.29,83.67,3.57,moderate
414.87,8.75,40.68,1.16,low
475.38,45.95,91.67,26.46,high
477.2,40.02,95.59,21.99,high
461.83,48.87,111.88,20.95,high
305.86,44.89,116.08,25.92,high
245.57,1.86,104.32,26.36,high
240.14,1.6,90.01,22.05,high
474.14,46.29,91.75,23.76,high
365.63,18.01,30.95,4.49,low
393.37,18.25,50.11,2.41,normal
379.48,7.32,50.11,1.6,low
414.1,13.68,50.98,2.12,normal
249.61,40.61,99.07,21.76,high
328.49,35.82,114.27,25.62,high
417.65,15.03,38.16,0.01,normal
346.34,27.35,81.82,1.23,moderate
417.45,5.15,61.04,3,low
399.84,12.48,40.43,0.81,normal
383.95,11.21,50.8,4.31,normal
201.7,43.27,91.35,28.92,high
406.55,10.26,49.61,10,low
395.36,14.91,86.19,16.7,moderate
365.5,15.76,63.56,4.13,low
370.93,18.98,54.96,4.14,low
404.68,18.5,36.16,3.62,normal
355.59,30.77,42.17,11.94,moderate
401.59,12.12,46.76,4.02,normal
387.27,12.38,50.84,1.4,normal
341.36,30.94,53.61,13.14,moderate
384.61,30.27,79.2,18.09,moderate
369.64,5.78,43.97,4.5,low
397.13,25.64,85.38,14.08,moderate
413.8,34.87,83.79,12.23,moderate
345.73,17.05,50.59,13.02,moderate
240.36,0.64,118.54,28.82,high
414.05,11.51,52.99,3.37,normal
348.35,11.59,87.94,15.15,moderate
418.95,15.52,54.04,4.63,normal
386.14,18.27,34.43,2.59,normal
469.9,0.1,115.96,28.73,high
391.39,13.37,66.28,6.51,low
414.61,9.48,62.49,3.07,low
462.14,48.82,119.78,20.87,high
413.66,18.09,38.62,4.89,normal
399.8,15.97,70.13,13.51,moderate
411.7,16.76,30.3,1.39,normal
405.61,11.79,79.18,15.16,moderate
255.64,0.74,118.09,23.29,high
394.46,5.48,64.9,2.71,low
360.56,14.29,64.48,2.99,low
390.96,9.77,35.27,4.52,low
349.56,12.03,85.22,15.03,moderate
368.42,14.38,51.36,1.89,low
383.17,11.39,37,0.14,normal
374.44,14.79,39.95,2.05,low
277.75,49.71,117.13,28.22,high
407.65,9.37,43.56,0.94,low
407.54,14.56,45.33,4.3,normal
470.99,40.59,101.26,28,high
235.52,0.82,114.56,26.62,high
381.2,13.38,41.58,1.9,normal
249.83,47.72,95.39,27.53,high
385.45,14.56,55.22,2.53,normal
384.63,25.89,77.79,10.77,moderate
248.94,46.44,99.45,29.13,high
331.26,0.03,100,23.27,high
383.47,15.27,31.82,2.32,normal
461.99,1.23,102.31,27.64,high
357.8,29.76,35.23,11.12,moderate
465.94,45.09,107.01,27.74,high
390.43,18.23,59.72,1.83,normal
363.67,18.48,58.97,3.1,low
385.49,34.16,81.75,3.31,moderate
473.13,35.37,113.56,23.7,high
366.87,15.68,47.12,4.44,low
396.93,10.83,31.67,1.31,normal
240.49,36.98,95.47,21.76,high
374.49,17.66,58.98,1.97,low
235.74,1,96.54,27.33,high
377.43,17.34,52.7,4.38,low
413.58,19.92,41.56,2.57,normal
412.08,16.95,45.15,2.87,normal
413.22,28.63,77.31,11.49,moderate
387.8,11.07,45.92,9.67,low
359.57,29.66,32.9,19.35,moderate
385.37,18.83,87.6,15.15,moderate
347.55,30.91,32.5,12.64,moderate
376.34,11.7,46.97,4.61,low
380.91,9.35,36.43,0.37,low
390.46,12.4,53.66,0.16,normal
419.29,16.7,64.44,0.28,low
464.19,48.51,103.64,22.8,high
395.74,26.47,79.77,12.71,moderate
292.15,38.66,109.53,28.63,high
414.13,10.58,55.57,3.14,normal
384.13,6.17,32.9,8.36,low
380.29,11.03,50.02,3.65,normal
474.4,45.28,114.7,26.94,high
415.43,19.32,43.49,0.96,normal
412.02,10.23,64.2,8.2,low
393.25,12.93,52.25,4.18,normal
351.39,16.84,82.11,16.56,moderate
375.53,17.06,46.58,2.37,low
311.77,48.94,104.14,21.33,high
416.02,27.8,88.95,11.39,moderate
352.53,13.08,81.42,1.49,moderate
383.39,16.07,70.85,12.23,moderate
388.03,19.98,49.33,0.87,normal
392.51,19.83,44.34,1.87,normal
461.74,45.47,107.43,28.5,high
384.87,11.64,46.22,3.51,normal
204.25,36.52,111.88,26.09,high
396.62,14.19,58.9,3.74,normal
387,18.73,42.84,0.08,normal
399.06,12.71,57.27,2.3,normal
409.96,12.75,36.85,1.75,normal
370.95,16.41,65.96,1.62,low
233.58,1.49,91.26,26.83,high
475.83,38.58,108.78,21.44,high
354.66,29.11,81.66,0.35,moderate
226.23,1.66,101.23,24.18,high
399.29,15.82,44.45,1.63,normal
400.5,33.97,81.61,4.08,moderate
413.59,28.49,37.46,12.38,moderate
396.27,14.93,33.33,2.79,normal
370.68,10.03,30.82,0.23,low
469.42,1.69,117.61,22.91,high
474.42,0.66,118.5,26.61,high
350.2,27.93,59.96,11.09,moderate
356.88,16.5,73.99,18.4,moderate
464.27,1.76,103.1,28.6,high
333.46,1.32,97.01,24.42,high
202.47,0.99,112.85,21.17,high
413.97,16.75,40.2,5,normal
391.3,13.52,62.67,5.11,low
365.05,10.26,69.62,0.54,low
236.48,1.71,119.57,25.02,high
415.78,15.82,65.64,9.92,low
395.09,17.33,34.08,0.36,normal
408.44,16.05,36.35,2.15,normal
352.15,18.76,73.81,1.86,moderate
200.62,38.73,100.37,20.66,high
413.44,5.06,42.43,8.01,low
465.55,41.02,101.19,22.44,high
415.9,9.79,67.11,0.45,low
398.27,30.64,31.08,11.31,moderate
471.78,40.44,101,29.33,high
384.66,12.28,51.91,2.7,normal
232.91,0.56,106.3,22.46,high
268.38,43.7,109.55,27.1,high
419.87,14.21,30.43,4.72,normal
462.36,42.19,96.17,25.09,high
381.54,16.72,58.38,4.16,normal
321.35,35.88,115.24,25.08,high
471.45,0.83,116.62,28.13,high
462.6,1.07,110.18,27.14,high
319.22,1.92,90.4,28.94,high
388.43,16.83,50.35,0.34,normal
281.84,47.22,92.07,22.02,high
414.65,19.65,49.93,2.94,normal
418.18,11.46,51.85,3.31,normal
357.49,17.28,75.35,2.87,moderate
385.87,16.41,39.14,2.95,normal
354.94,19.52,84.45,17.82,moderate
392.75,18.37,55.81,2.45,normal
405.09,7.75,48.43,1.61,low
241.88,1.08,102.84,22.43,high
405.7,16.29,57.71,9.43,low
414.4,13.44,57.76,3.71,normal
404.18,18.24,31.21,3.53,normal
472.37,42.04,116.29,22.88,high
343.03,18.31,72.89,17.67,moderate
340.54,26.64,86.92,1.33,moderate
351.09,34.34,37.53,18.21,moderate
417.16,13.09,48.36,0.7,normal
398.24,11.77,36.79,2.43,normal
390.48,17.23,50.02,3.8,normal
398.23,18.32,57.03,3.75,normal
329.36,49.35,102.37,26.16,high
354.3,16.56,82.38,4.58,moderate
222.86,43.73,103.14,28.84,high
472.32,47.54,93.81,26.88,high
395.96,6.55,49.77,2.11,low
412.81,17.16,32.76,2.64,normal
391.2,19.11,35.67,0.99,normal
386.77,33.47,84.19,16.43,moderate
380.58,14.41,48.15,1.38,normal
405.79,10.7,53.87,4.19,normal
388.08,5.81,49.35,1.02,low
286.29,43.58,115,22.23,high
237.01,40.69,104.9,28.71,high
292.75,0.36,109.65,28.88,high
367.41,13.15,70,1.83,low
390.25,29.81,81.57,18.89,moderate
284.8,1.68,102.66,22.58,high
384.51,6.81,51.48,0.39,low
391.25,15.79,58.4,1.57,normal
348.83,26.68,58.95,17.92,moderate
370.8,19.41,68.82,3.26,low
400.72,10.33,58.1,2.66,normal
397.65,10.01,40.19,8.35,low
476.34,35.16,92.27,27.5,high
369.27,12.18,54.17,1.95,low
478.7,1.48,106.87,24.76,high
297.41,36.04,116.74,25.65,high
412.38,12.31,33.62,3.21,normal
382.93,6.42,31.23,3.05,low
419.02,6.76,60.18,2.98,low
392.84,15.59,50.98,4.56,normal
201.99,44.68,119.02,24,high
368.9,16.28,68.67,1.94,low
351.1,32.32,34.4,2.81,moderate
400.98,12.3,39.41,1.49,normal
464.22,0.96,103.18,20.47,high
394.28,18.2,40.03,3.77,normal
344.36,33.58,59.35,14.89,moderate
369.32,8.32,49.39,1.73,low
475.13,0.14,99.25,21.93,high
464.11,42.31,117.62,24.13,high
418.85,25.07,77.28,1.14,moderate
381.22,32.42,88.88,17.07,moderate
393.63,30.05,83.03,16.93,moderate
371.52,17.6,31.8,7.64,low
412.79,14.46,47.94,2.41,normal
365.96,19.08,68.54,3.6,low
345.15,14.92,78.51,17.95,moderate
406.98,7.46,68.45,4.92,low
389.93,25.1,81.81,15.03,moderate
419.07,28.32,83.93,4.32,moderate
345.48,11.98,85.26,14.75,moderate
345.92,14.58,54.12,17.37,moderate
462.42,45.82,98.58,24.73,high
344.52,29.54,51.87,4.01,moderate
362.38,7.41,57.64,0.53,low
359.58,19.82,30.82,12.87,moderate
408.06,14.99,55.32,4.69,normal
477.16,40.31,104.33,24.65,high
472.37,0.99,90.82,20.98,high
398.91,8.94,58.43,9.15,low
415.03,6.95,43.04,4.66,low
479.55,1.25,98.62,24.05,high
406.91,19.71,56.05,1.01,normal
406.42,28.94,70.22,12.41,moderate
374.54,13.15,44.12,5.77,low
349.74,18.14,71,13.61,moderate
418.82,15.11,36.04,8.79,low
366.54,9.05,36.82,2.69,low
383.48,17.52,32.16,3.64,normal
413.47,18.07,36.45,8.17,low
415.89,14.99,48.78,1.13,normal
350.58,31.67,46.3,16.41,moderate
397.96,12,59.6,4.43,normal
389.92,19.99,55.67,2.03,normal
417.72,17.95,65.65,4.41,low
472.41,0.45,90.09,22.4,high
465.22,42.54,92.19,23.55,high
385.67,13.26,54.37,3.03,normal
361.22,19.86,40.28,1.36,low
317.03,1.66,95.45,23.03,high
413.42,14.12,34.94,0.72,normal
394.55,10.74,56.09,1.83,normal
398.8,10.98,36.53,3.56,normal
381.7,16.55,45.56,4.76,normal
470.25,46.13,118.67,26.83,high
384.77,6.65,57.21,6.91,low
347.72,19.49,71.87,18.24,moderate
394.54,15.51,48.85,0.27,normal
271.23,47.06,104.51,26.19,high
377.96,18.04,45.34,9.32,low
372.1,11.25,32.26,9.98,low
466.46,41.71,91.15,25.67,high
411.43,5.27,38.19,0.92,low
375.21,7.67,31.77,3.69,low
340.81,19.02,87.61,18.8,moderate
399.63,34.79,78.72,17.89,moderate
367.31,11.7,47.77,0.25,low
393.26,30.51,87.12,16.63,moderate
400.61,7.75,58,2.02,low
367.48,10.54,53.46,1.11,low
401.77,25.82,70.97,14.55,moderate
268.72,1.77,100.97,27.45,high
473.94,42.8,91.75,20.9,high
409.67,14.27,38.14,1.78,normal
339.16,37.98,108,29.41,high
416.25,19.36,53.66,2.52,normal
388.14,18.37,59.61,1.74,normal
398.89,29.26,80.21,3.05,moderate
348.27,32.4,74.98,0.6,moderate
419.47,18.88,47.03,8.76,low
357.05,34.7,49.54,4.58,moderate
407.39,27.81,75.26,18.68,moderate
245.85,1.87,90.43,23.25,high
384.44,12.94,60.24,3.66,low
342.23,17.02,80.94,4.76,moderate
387.12,8.43,60.45,4.75,low
355.42,26,51.46,10.68,moderate
347.55,12.9,76.33,13.01,moderate
464.38,0.84,92.31,23.54,high
360.72,15.5,58.76,2.41,low
341.46,29.74,30.24,0.55,moderate
417.9,13.71,52.92,0.49,normal
349.26,26.18,32.44,0.79,moderate
473.55,45.6,91.1,21.93,high
349.4,28.33,54.59,0.99,moderate
311.35,40.64,94.75,23.5,high
344.92,17.19,47.65,14.32,moderate
411.86,11.32,64.89,1.27,low
384.47,16.03,36.43,2.11,normal
398.21,16.04,43.17,4.88,normal
419.49,26.5,83.03,12.69,moderate
402,19.05,57.62,1.2,normal
377.06,16.71,45.46,3.56,low
382.28,30.79,85.34,4.63,moderate
354.41,16.56,81.35,11.87,moderate
299.1,40.16,97.56,23.96,high
383.25,14.73,48.26,7.43,low
472.12,0.97,103.37,24.17,high
379.7,9.42,55.44,1.87,low
378.78,10.78,51.14,9.72,low
382.27,15.35,39.91,2.98,normal
403.33,17.41,36.37,4.56,normal
418.17,12.37,30.5,8.77,low
396.03,15.81,60.18,7.43,low
244.17,47.37,115.5,27.55,high
340.35,13.15,89.24,1.89,moderate
344.36,30.41,80.83,1.17,moderate
392.75,14.55,41.67,4.81,normal
408.59,10.26,52.59,3.11,normal
404.13,28.59,78.48,16.22,moderate
351.25,30.11,80.39,2.25,moderate
408.3,14.76,43.33,1.66,normal
383.03,10.53,43.96,1.93,normal
378.7,12.4,52.42,4.19,low
419.9,15.65,30.87,2.72,normal
370.23,14.04,61.83,2.36,low
390.53,5.19,53.09,4.08,low
418.31,13.04,34.65,1.56,normal
397.89,31.77,79.53,0.51,moderate
407.58,10.56,35.27,2.07,normal
280.48,47.18,111.39,22.04,high
212.7,47.79,105.08,20.8,high
384.68,19.75,68.38,4.02,low
352.92,28.53,55.08,2.57,moderate
242.25,37.97,101.02,27.81,high
402.9,8.26,32.29,7.45,low
342.63,19.89,73.61,11.18,moderate
382.83,19.49,33.08,4.81,normal
308.71,39.83,92.05,26.92,high
356.8,29.32,34.08,3.5,moderate
411.18,14.89,54.24,4.91,normal
466.36,1.41,90.87,23.53,high
373.36,8.73,48.3,0.47,low
353.2,12.85,85.25,12.65,moderate
353.95,28.43,57.82,10.48,moderate
390.3,13.51,50.87,1.01,normal
283.07,35.16,95.84,25.27,high
359.17,28.51,83.67,4.39,moderate
286.63,0.21,94.27,28.63,high
477.74,37.03,117.02,23.57,high
382,27.19,46.06,12.19,moderate
383.9,7.49,49.03,4,low
417.26,13.39,57.9,9.47,low
417.85,14.31,85.71,13.23,moderate
359.26,11.7,75.86,14.58,moderate
375.93,19.07,56.08,8.52,low
410.08,16.82,46.22,4.11,normal
354.6,31.58,59.73,2.64,moderate
406.44,13.35,42.97,4.31,normal
357.1,26.44,53.88,14.18,moderate
400.59,12.71,45.91,3.93,normal
381.57,17.59,64.83,3.5,low
405.75,7.93,43.36,7.55,low
372.18,17.09,38.06,9.66,low
479.2,0.32,98.5,27.41,high
407.9,13.33,56.83,0.65,normal
396.03,8.86,56.92,2.02,low
397.1,30.29,87.53,3.29,moderate
419.8,12.52,69.69,0.92,low
401.44,8.45,67.28,4.13,low
299.11,38.11,103.7,21.69,high
392.4,18.16,56.16,3.16,normal
416.47,18.25,35.09,7.18,low
353.76,25.73,58.75,11.09,moderate
330.66,43.98,105.19,28.6,high
462.93,1.37,115.12,24.95,high
347.86,32.39,86.2,4.98,moderate
415.49,16.36,55.21,0.24,normal
401.64,11.57,60.61,3.42,low
410.73,6.25,33.89,7.01,low
461.5,1.77,97.65,29.44,high
474.01,39.03,91.09,22.43,high
380.34,12.97,60.88,6.6,low
461.9,0.2,94.95,23.54,high
350.23,26.2,47.63,0.42,moderate
418.17,18.26,43.97,0.15,normal
348.48,12,78.16,1.72,moderate
383.73,14.4,45.84,1.19,normal
358.11,26.13,72.51,2.24,moderate
322.76,48.56,111.72,27.12,high
345.4,32.9,38.39,10.17,moderate
360.95,13.53,64.71,1.81,low
389.28,8.16,34.41,0.16,low
400.27,10.7,42.11,1.75,normal
369.4,5.47,31.23,3.2,low
414.65,25.4,82.43,0.71,moderate
375.57,14.32,37.58,3.4,low
375.96,10.12,52.99,3.64,low
280.82,1.99,102.83,23.08,high
402.54,6.33,68.99,2.01,low
418.29,11.58,41.21,4.46,normal
416.52,16.97,33.33,2.53,normal
412.81,28.85,82.52,4.92,moderate
342.62,17.42,47.85,13.47,moderate
408.62,10.93,59.22,2.99,normal
219.59,42.19,106.74,27.79,high
259.12,1.08,98.2,24.08,high
317.33,1.21,98.77,29.12,high
395.58,17.07,66.78,6.26,low
471.11,0.29,118.05,26.63,high
355.74,28.37,71.92,1.67,moderate
395.03,15.77,46.01,4.44,normal
384.51,9.69,69.63,3.29,low
260.23,39.07,98,23.76,high
354.56,28.17,58.47,13.9,moderate
371.01,9.85,48.14,4.41,low
417.53,9.96,60.14,2.21,low
381.24,29.73,82.17,15.64,moderate
412.68,17.63,49.69,1.13,normal
398.21,17.32,56.64,3.87,normal
375.09,10.66,33.42,1.58,low
462.15,0.29,90.04,26.75,high
348.36,27.59,41.84,16.59,moderate
392.21,14.09,53.92,3.11,normal
399.82,11.82,31.05,2.51,normal
382.01,7.5,39.17,6.67,low
411.79,7.1,69.51,2.19,low
394.13,15.99,52.86,2.59,normal
237.27,41.85,107.8,23.75,high
392.23,16.97,63.69,2.61,low
351.34,29.68,58.92,17.89,moderate
214.28,47.09,93.89,28.83,high
360.05,18.7,69.07,0.52,low
411.11,17.89,48.08,0.46,normal
347.04,18.26,72.2,17.89,moderate
404.19,9.75,36.33,5.68,low
408.72,14.06,56.86,2.59,normal
407.85,33.57,39.56,18.61,moderate
415.58,16.96,81.91,12.46,moderate
373.64,14.43,57.14,5.82,low
461.29,0.42,110.98,24.13,high
249.64,1.8,99.91,29.39,high
356.93,27.45,43.6,14.95,moderate
395.05,16.53,57.35,0.28,normal
394.94,19.39,43.31,1.93,normal
286.41,1.93,95.36,25.11,high
369.85,18.47,43.4,4.49,low
203.38,1.79,90.74,28.14,high
382.76,18.73,31.91,8.51,low
410.74,19.61,55.36,2.42,normal
405.49,15.67,56.25,0.42,normal
371.32,19.62,37.52,7.5,low
419.25,16.03,60.91,3.62,low
400.99,14.56,33.48,0.12,normal
410.47,19.4,46.41,2.14,normal
413.09,17.69,48.94,3.79,normal
350.88,27.66,73.87,1.06,moderate
474.07,45.14,113.8,27.8,high
385.86,13.79,62.41,3.92,low
358.7,13.47,72.85,17.98,moderate
397.76,17.04,46.53,9.31,low
384.66,17.1,31.23,3.94,normal
467.78,1.97,117.49,21.07,high
414.79,14.3,38.4,1.47,normal
355.02,32.22,71.2,1.13,moderate
399.97,15.83,56.71,4.41,normal
398.29,17.95,64,0.11,low
478.3,49.08,95.1,27.48,high
402.09,15.05,31.17,4.85,normal
463,49.45,117.86,22.95,high
398.8,15.27,54.87,1.2,normal
249.04,0.86,119.17,20.2,high
371.76,13.38,65.3,0.17,low
362.15,18.47,46.8,6.98,low
414.26,19.01,33.29,1.79,normal
363.93,15.44,41.1,6.81,low
390.12,18.77,60.42,2.78,low
348.24,18.22,75.74,10.51,moderate
411.22,12.11,57.93,0.09,normal
476.59,46.54,104,25.5,high
410.74,12.28,49.06,4.6,normal
373.77,9.46,30.25,0.45,low
406.11,7.65,64.09,0.82,low
477.01,0.08,107.37,28.97,high
419.9,5.04,61.18,3.65,low
406.43,6.29,61.09,1.87,low
419.41,9.78,54.25,0.35,low
419.04,29.82,71.7,3.93,moderate
418.77,19.95,45.66,4.8,normal
351.39,33.79,84.4,2.71,moderate
470.94,1.17,111.7,26.07,high
395.25,13.52,33.45,1.53,normal
414.22,8.82,32.45,7.45,low
418.93,7.14,58.85,0.62,low
380.69,28.32,89.98,18.22,moderate
399.01,11.61,42.89,7.78,low
382.47,11.13,51.97,4.87,normal
389.38,9.16,43.45,6.26,low
462.13,49.41,111.21,21.35,high
461.21,1.66,90.47,24.99,high
402.5,30.96,78.03,17.03,moderate
382.84,31.59,80.01,18.19,moderate
364.39,7.21,57.11,3.71,low
412.65,30.98,81.35,16.27,moderate
419.29,11.89,38.13,2.42,normal
372.8,6.6,52.26,4.57,low
394.66,14.19,47.05,7.26,low
260.13,41.12,100.67,25.81,high
294.81,41.97,105.26,20.33,high
203.42,47.43,105.07,22.58,high
404.25,14.99,46.51,1.71,normal
357.32,18,75.97,14.48,moderate
351.41,32.01,40.92,16.86,moderate
469.58,35.41,111.37,29.43,high
415.02,16.73,58.63,4.89,normal
391.53,6.79,59.61,3.01,low
399.77,7.83,67.19,1.76,low
398.04,13.31,31.84,2.02,normal
394.73,7.27,53.43,2.5,low
354.39,19.49,76.77,13.63,moderate
385.96,16.29,49.61,0.92,normal
416.02,34.7,73.4,14.54,moderate
475.59,0.64,95.12,24.16,high
403.78,14.6,61.86,2.33,low
464.31,45.01,103.46,23.09,high
357.89,14.36,83.96,10.75,moderate
293.08,36.08,90.42,24.29,high
415.62,14.24,34.32,0.02,normal
353.22,19.25,37.31,13.76,moderate
394.97,15.91,69.95,4.88,low
355.25,13.8,78.82,4.27,moderate
412.55,14.7,47.01,3.95,normal
276.61,45.26,97.27,25.4,high
291.62,1.74,99.08,24.17,high
403.59,15.15,47.48,0.1,normal
341.82,14.86,70.83,15.63,moderate
388.98,13.89,45.49,1.27,normal
343.79,10.86,75.04,4.05,moderate
370.95,11.3,62.73,0.33,low
403.04,34.61,75.71,12.5,moderate
240.89,43.97,96.91,26.22,high
292.38,45.5,113.54,26.48,high
391.32,16.23,33.77,0.58,normal
406.43,15.16,38.25,3.97,normal
354.54,14.1,36.64,12.76,moderate
468.8,35.79,98.94,29.26,high
402.93,13.38,60.32,9.26,low
389.88,13.97,38.11,0.38,normal
375.85,18.63,59.99,3.76,low
277.68,36.8,97.56,21.02,high
345.88,30.89,72,3.23,moderate
370,7.66,38.51,0.43,low
465.94,1.26,103.87,26.12,high
464.16,37.39,109.78,24.02,high
409.62,5.6,54.61,1.84,low
377.11,12,48.12,4.07,low
344.52,18.77,74.74,12.06,moderate
462.57,38.82,112.8,20.79,high
412.36,12.61,39.85,4.25,normal
367.26,16.65,36.9,4.88,low
464.75,40.21,93.21,21.64,high
387.82,10.96,59.84,4.29,normal
382.23,17.18,38.01,4,normal
380.79,9.46,52.41,2.02,low
412.28,17.28,67.01,1.21,low
234.91,1.83,102.94,28.84,high
393.15,16.9,61.82,8.64,low
372.28,13.16,37.25,5.32,low
364.58,16.22,40.92,3.98,low
406.09,16.31,42.4,1.94,normal
373.01,7,49.56,1.68,low
410.66,29.88,71.46,12.65,moderate
338.41,44.09,118.21,24.43,high
471.11,0.63,116.68,25.68,high
346.96,33.52,32.82,2.98,moderate
399.4,12.67,45.25,6.93,low
394.87,15.93,58.18,7.38,low
479.8,43.39,100.97,22.8,high
367.82,14.03,50.53,6.9,low
398.82,12.01,34.78,0.26,normal
373.47,18.48,43.43,7.93,low
211.67,0.79,95.58,20.35,high
355.4,14.22,81.08,14.62,moderate
416.27,12.12,43.2,2.47,normal
359.98,33.05,86.9,3.1,moderate
402.82,6.87,49.7,0.49,low
356.33,26.72,78.63,2.18,moderate
419.84,18.64,68.31,3.35,low
353.8,33.9,85.37,0.54,moderate
218.26,0.9,99.67,28.09,high
461.93,0.91,119.93,21.39,high
352.8,10.84,75.61,1.57,moderate
281.04,0.1,105.23,29.72,high
389.3,16.6,55.4,7.83,low
353.71,28.13,52.23,4.4,moderate
342.5,12.32,74.45,15.68,moderate
409.31,13.68,38.61,3.05,normal
405.24,18.59,61.15,0.02,low
377.77,14.18,33.71,4,low
357.31,17.43,57.97,15.62,moderate
378.38,13.25,57.83,4.87,low
287.07,0.56,94.01,24.78,high
417.29,17.77,47.52,0.11,normal
370.4,14.96,64.87,4.71,low
417.65,10.26,85.85,15.16,moderate
388.94,15.3,41.4,4.11,normal
386.42,29.85,82.69,15.23,moderate
462.95,1.21,117.81,22.18,high
416.68,15.74,49,0.93,normal
475.3,39.22,119.84,23.93,high
419.41,14.39,59.46,4.43,normal
477.65,0.23,119.85,25.52,high
477.08,1.32,92.4,28.99,high
468.71,1.55,109.42,28.04,high
470.33,0.23,107.21,28.53,high
354.08,33.95,48.7,0.58,moderate
381.82,12.93,42.72,4.67,normal
283.4,0.64,101.38,20.73,high
378.38,6.92,53.85,4.32,low
370.15,13.74,61.98,3.23,low
349.35,32.05,51.53,1.22,moderate
400.03,19.05,38.56,3.01,normal
379.77,12.75,54.16,3.64,low
343.38,30.5,79.19,1.33,moderate
416.41,33.03,42,13.8,moderate
405.7,5.19,67.4,1.4,low
399.13,9.39,64.11,3.76,low
343.86,25.71,49.46,14.35,moderate
303.12,1.01,100.28,22.63,high
413.49,13.57,49.91,2.88,normal
412.51,11.22,39.1,8.82,low
412.01,32.62,85.23,2.47,moderate
397.57,12.29,63.28,0.83,low
419.37,28.43,71.23,1.9,moderate
393.79,7.88,57.87,1.65,low
386.14,10.49,50.29,1.7,normal
357.93,26.54,48.59,11.8,moderate
390.9,13.09,50.92,1.68,normal
347.34,25.24,58.22,17.3,moderate
382.72,6.35,49.74,9.51,low
391.01,15.18,73.41,10.61,moderate
378.91,15.74,46.13,5.69,low
383.39,18.86,64.19,1.94,low
418.56,10.28,73.59,10.77,moderate
472.5,45.51,103.95,29.77,high
395.2,18.05,45.93,3.81,normal
418.83,17.19,64.53,5.41,low
364.85,18.01,33.38,3.55,low
353.23,15.31,75.47,10.79,moderate
360.64,15.49,58.15,0.87,low
299.23,0.9,105.32,21.48,high
413.01,18.79,37.99,3.59,normal
354.2,10.03,79.98,13.02,moderate
272.48,49.85,97.34,23.93,high
473.92,41.92,116.59,29.71,high
395.43,12.61,54.45,3.66,normal
408.1,12.32,70.5,18.24,moderate
478.03,40.29,116.15,25.2,high
411.67,18.08,36.62,4.47,normal
379.96,10.26,67.66,0.21,low
215.86,1.36,110.32,21.88,high
366.41,16.17,51.39,5.54,low
221.01,1.88,97.45,29.12,high
419.16,19.52,30.49,4.46,normal
342.54,10.75,74.91,0.28,moderate
460.71,1.08,110.11,25.73,high
235.42,36.7,106,27.75,high
359.21,14.96,74.39,4.62,moderate
325.2,47.77,92.42,29.32,high
387.5,16.76,51.48,3.95,normal
401.72,12.78,45.76,0.66,normal
479.4,37.23,96.03,27.26,high
396.29,14.92,52.1,5.25,low
353,12.04,83.34,1.53,moderate
363.86,12.13,60.71,2.83,low
460.05,46.19,96.43,28.83,high
369.74,14.03,39.2,4.53,low
385.85,25.9,44.03,15.02,moderate
350.93,18.6,86.48,12.67,moderate
349.25,27.1,85.34,3.93,moderate
399.96,11.46,37.58,0.12,normal
370.85,9.19,52.11,0.51,low
389.56,26.38,81.66,15.07,moderate
394.44,10.26,33.96,2.51,normal
354.61,14.93,78.93,13.67,moderate
467.81,0.25,96.75,27.39,high
401.26,25.4,74.43,12.21,moderate
399.17,17.01,30.5,4.19,normal
396.51,16.48,63.09,8.92,low
345.31,26.93,37.13,2.75,moderate
419.16,7.01,41.82,1.36,low
417.61,16.55,30.08,0.13,normal
357.98,11.55,82.55,11.87,moderate
461.13,41.88,98.7,29.12,high
405.15,14.29,57.65,1.04,normal
419.64,19.76,40.29,3.65,normal
407.23,17.35,50.2,4.39,normal
382.47,15.09,58.62,4.73,normal
417.52,12.78,53.37,4.18,normal
477.3,44.11,97.97,20.86,high
465.18,41.14,103.98,22.96,high
379.94,6.65,46.93,1.71,low
382.28,10.6,57.26,4.74,normal
406.71,28.48,71.04,15.92,moderate
472.95,1.7,100.92,26.81,high
357.91,19.68,83.18,17.79,moderate
414.1,16.46,61.72,5.62,low
390.79,14.23,46.76,8.53,low
358,25.4,41.14,2.48,moderate
376.2,18.65,49.45,1.75,low
396.32,19.69,35.61,2.98,normal
371.16,17.81,35.35,2.08,low
387.82,15.71,48.98,1.33,normal
384.88,11.08,56.58,4.21,normal
409.41,6.29,40.12,4.79,low
354.82,32.79,52.14,4.12,moderate
392.7,9.84,52.31,0.89,low
357.18,17.59,80.45,12.71,moderate
400.98,15.64,46.36,2.52,normal
381.84,5.05,49.45,7.85,low
478.75,37.04,116.14,23.09,high
330.96,1.81,113.33,28.7,high
385.23,11.85,57.81,1.63,normal
309.65,0.34,106.69,29.25,high
358.22,13.13,72.15,0.64,moderate
386.41,10.87,35.82,1.16,normal
388.17,13.05,61.29,1.45,low
297.95,46.58,90.84,26.61,high
478.84,1.27,91.15,20.55,high
395.82,15.24,50.43,1.27,normal
414.81,13.41,57.16,7.37,low
407.95,17.43,58.29,0.51,normal
463.06,0.95,119.47,21.01,high
419.38,9.61,34.09,3.27,low
350.84,10.53,72.35,18.66,moderate
381.37,18.42,35.55,0.43,normal
419.58,13.01,55.02,3.61,normal
413.32,31.43,73.38,4.96,moderate
285.19,44.13,101.99,26.57,high
362.63,8.08,50.73,0.56,low
375.16,18.42,52.23,5.34,low
355.17,32.87,53.52,14.98,moderate
384.5,10.8,38.04,3,normal
395.64,17.24,34.89,4.82,normal
350.93,29.02,87.26,0.95,moderate
409.99,12.98,65.78,2.04,low
419.65,18.04,41.95,1.04,normal
471.24,35.41,91.82,28.82,high
416.6,6.74,60.16,2.36,low
475.38,1.88,90.35,22.16,high
407.06,14.92,44.57,3.25,normal
363.06,15.8,50.4,8.37,low
362.12,19.09,64.66,1.63,low
395.6,5.64,64.05,2.66,low
325.59,45.9,101.82,29.41,high
388.46,9.84,33.25,8.61,low
214.44,1.03,115.39,24.22,high
341.62,25.11,47.57,16.99,moderate
405.36,14.97,44.28,1.42,normal
219.88,0.08,111.35,25.12,high
416.19,12.67,43.11,1.86,normal
337.17,44.74,103.35,25.19,high
337.83,35.17,112.34,26.48,high
387.93,18.14,50.63,4.53,normal
402.41,11.1,37.94,0.8,normal
408.85,16.73,56.62,5.16,low
308.59,41.41,109.96,23.09,high
224.75,0.65,105.57,20.82,high
401.46,11.41,33.51,1.29,normal
409.4,10.62,77.95,10.07,moderate
476.16,0.26,118.21,29.06,high
400.29,17.53,36.19,2.76,normal
341.25,14.09,38.38,17.01,moderate
400.25,7.49,37.28,1.9,low
399.71,5.12,35.99,2.28,low
367.22,5.44,39.09,0.08,low
399.8,14.3,31.45,0.97,normal
219.82,37.18,106.97,25.23,high
414.15,16.86,38.6,4.11,normal
403.08,8.45,56.37,6.49,low
399.64,19.7,58.82,2.42,normal
419.36,17.61,46.04,3,normal
304.54,46.5,118.02,29.75,high
318.49,0.25,97.05,27.5,high
412.54,12.67,53.62,0.58,normal
384.37,19.57,68.23,4.25,low
391.76,19.86,67.88,7.26,low
355.4,15.21,33.09,10.26,moderate
417.56,13.87,58.26,1.62,normal
411.37,12.42,51.02,2.91,normal
409.34,17.91,30.8,0.39,normal
345.88,15.5,75.74,16.99,moderate
359.62,11.77,83.46,1.49,moderate
356.12,14.51,76.15,10.77,moderate
467.29,36.56,116.64,27.63,high
382.16,14.82,42.11,2.41,normal
389.39,5.58,69.36,4.55,low
475.82,1.87,119.5,22.1,high
405.2,12.8,52.12,2.55,normal
393.17,15.56,64.6,4.83,low
220.83,48.79,113.32,20.13,high
224.96,0.69,96.05,29.58,high
353.28,27.66,74.33,1.05,moderate
474.39,47.54,104.64,26.11,high
386.68,19.37,35.69,4.04,normal
369.23,12.12,47.48,4.02,low
403.96,17.87,68.06,2.04,low
367.81,18.32,35.62,2.46,low
407.37,14.72,36.57,1.09,normal
336.06,1.02,115.12,22.13,high
460.25,0.65,117.33,28.63,high
400.7,18.89,61.97,4.49,low
478.11,1.04,118.77,25.39,high
391.16,15.22,51.65,4.01,normal
465.99,47.87,97.17,26.87,high
341.8,25.8,74.82,1.59,moderate
399.5,13.14,55.92,1.35,normal
392.87,6.41,66.08,3.86,low
359.52,26.38,36.34,4.57,moderate
407.05,5.48,68.12,2.94,low
405.89,10.46,51.31,1.42,normal
302.19,36.49,97.08,25.94,high
218.03,1.91,113.43,24.19,high
463.1,1.33,96.98,25.94,high
380.02,13.46,86.21,14.49,moderate
345.77,34.01,46.52,1.6,moderate
404.47,18.19,59.31,2.6,normal
385.06,15.52,48.7,1.66,normal
377.49,8,45.13,4.73,low
473.93,1.39,119.54,21.91,high
374.87,8.31,53.03,2.05,low
369.92,17.44,55.59,3.09,low
324.92,43.61,116.61,29.64,high
411.15,17.51,60.68,3.67,low
391.07,31.53,72.5,15.09,moderate
343.02,25.81,53.79,18.29,moderate
354.56,31.66,81.26,2.83,moderate
354.42,15.49,42.92,11.04,moderate
345.99,30.89,87.63,2.93,moderate
401.48,8.99,68.26,1.98,low
378.89,6.26,39.58,2.22,low
388.81,17.75,56.06,3.68,normal
474.58,36.97,108.73,28.88,high
469.99,49.82,112.61,26.34,high
397.11,19.29,67.51,8.98,low
344.54,15.56,83.37,2.3,moderate
354.78,16.41,42.88,11.86,moderate
397.74,15.97,50.27,3.74,normal
391.13,12.09,54.34,4.76,normal
409.91,17.02,53.75,4.41,normal
297.37,1.32,114,21.84,high
395.91,15.05,47.86,1.38,normal
390.94,5.45,39.15,0.77,low
392.39,12.8,55.52,0.93,normal
418.12,12.47,42.03,0.85,normal
406.47,14.14,30.68,1.09,normal
409.06,13.31,49.59,1.52,normal
474.65,41.02,118.46,27.55,high
464.11,44,116.06,22.19,high
395.48,26.9,50.84,10.68,moderate
392.74,5.76,49.99,0.86,low
392.7,18.02,37.19,4.46,normal
220.24,0.67,107.26,21.41,high
383.53,15.47,46.13,7.96,low
341.41,14.18,82.97,1.61,moderate
252.18,1.76,91.63,21.89,high
463.18,42.82,104.08,27.28,high
365.23,13.41,67.29,2.98,low
382.54,10.03,34.68,3.77,normal
340.24,28.57,31.47,10.94,moderate
404.14,28.23,52.9,13.1,moderate
343.27,29.45,53.46,19.16,moderate
387.11,15.31,61.4,3.34,low
370.1,11.75,40.09,0.48,low
408.46,19.96,44.08,1.63,normal
262.06,42.21,104.88,26.59,high
294.24,44.6,95.79,28.37,high
475.46,1.16,119.68,28.46,high
400.04,10.86,46.06,2.6,normal
297.34,38.78,102.85,23.88,high
416.04,6.86,49.86,1.23,low
352.37,32.45,41.49,10.58,moderate
403.33,32.97,75.86,3.13,moderate
405.75,19.75,59.73,4.66,normal
418.39,15.05,44.56,3.58,normal
393.57,13.3,52.55,2.11,normal
340.29,31.06,45.31,17.99,moderate
414.85,11.18,36.69,0.56,normal
343.61,16.58,74.33,0.82,moderate
305.64,1.11,93.53,21.44,high
400.6,17.27,44.29,2.34,normal
402.28,15.34,44.11,4.13,normal
476.21,1.59,105.33,21.77,high
405.1,10.06,66.69,5.42,low
353.43,33.97,87.51,3.75,moderate
381.18,13.13,33.75,0.63,normal
394.74,12.89,52.85,0.03,normal
412.08,17.62,57.55,3.61,normal
235.01,35.65,103.08,23.38,high
462.67,40.16,96.46,28.29,high
399.21,10.13,78.73,12.83,moderate
388.02,12.68,46.63,3.92,normal
473.9,0.36,101.96,20.62,high
354.1,30.22,71.18,0.34,moderate
462.17,0.48,98.45,23.62,high
414.98,11.04,44.66,2.97,normal
383.36,12.06,44.24,0.2,normal
378.34,16.52,38.73,7.63,low
398.11,19.5,60.45,6.38,low
405.65,17.88,60.31,4.8,low
396.19,17.62,39.82,1.63,normal
387.36,16.65,31.92,3.86,normal
406.67,7.66,63.91,2.15,low
460.57,0.83,92.07,21.28,high
407.92,12.47,88.84,11.81,moderate
407.81,17.75,60.16,3.02,low
346.75,15.66,49.44,16.06,moderate
334.96,0.36,98.29,26.48,high
415.25,8.62,61.64,2.88,low
417.94,32.23,71.75,1.11,moderate
333.56,35.69,99.71,23.75,high
366.23,14.65,47.59,4.34,low
383.8,16.99,52.33,4.67,normal
392.71,18.41,58,0.62,normal
226.65,48.8,101.41,24.75,high
387.86,12.78,56.96,4.51,normal
237.62,1.13,100.05,27.51,high
401.56,10.71,53.09,1.4,normal
231.5,48.79,102.23,26.3,high
386.41,10.33,46.55,6.44,low
385.31,8.5,63.52,2.7,low
411.72,30.26,36.26,15.04,moderate
352.09,14.19,73.64,17.17,moderate
355.32,10.26,55.96,12.09,moderate
394.24,14.35,63.38,1.74,low
379.92,14.11,60.66,3.88,low
408.35,19.07,52.63,3.72,normal
355.39,33.4,42.24,2.34,moderate
392.44,13.24,60.07,8.19,low
357.93,13.95,39.1,15.59,moderate
466.42,48.99,118.2,28.04,high
240.6,0.31,94.79,28.91,high
412.89,15.74,38.58,0.21,normal
409.5,15.84,31.72,3.71,normal
377.58,16.59,37.82,4.44,low
336.23,46.1,114.87,27.93,high
409.59,18.86,51.74,2.37,normal
380.19,30.99,79.34,17.18,moderate
392.35,14.33,32.32,3.5,normal
386.42,6.39,46.87,3.74,low
410.26,19.73,71.05,17.98,moderate
346.51,11.19,81.67,11.85,moderate
283.45,0.55,116.21,22.14,high
342.41,16.32,39.55,16.77,moderate
387.66,6.33,48.78,4.43,low
366.86,14.99,49.07,1.46,low
354.05,26.04,34.37,2.74,moderate
398.04,16.81,42.21,2.9,normal
290.05,42.3,109.25,20.6,high
468.51,39.01,105.99,21.98,high
415.86,17.36,59.37,3.86,normal
400.43,7.28,42.71,6.52,low
462.52,44.81,105.66,28.07,high
354.68,34.43,73.77,2.21,moderate
419.49,16.56,40.63,1.77,normal
388.32,7.07,39.47,9.99,low
384.36,28.7,73.66,17.92,moderate
231.78,1,93.72,24.56,high
354.68,11.58,54.49,16.23,moderate
286.95,35.03,101.07,24.47,high
383.09,14.72,56.06,3.24,normal
400.65,18.03,64.88,3.83,low
392.86,13.66,54.41,4.63,normal
407.13,11.4,46.59,4.71,normal
391.24,11.44,38.51,2.08,normal
387.53,14.24,35.53,4.02,normal
379.11,14.36,40.05,1.59,low
413.44,29.7,35.15,12.01,moderate
376.16,7.4,44.61,2.63,low
206.38,0.04,111.73,29.33,high
418.95,14.17,44.96,0.33,normal
405.93,14.02,37.32,3.49,normal
409.41,6.49,48.89,6.74,low
356.22,17.06,85.93,15.8,moderate
395.32,27,82.41,1.59,moderate
415.56,18.78,36.32,1.6,normal
387.74,11.74,37.22,3.97,normal
368.91,19.79,63.28,3.87,low
409.33,12.63,43.1,3.83,normal
403.06,19.76,45.78,2.78,normal
476.76,1.17,113.64,24.66,high
204.16,1.14,93.15,23.46,high
396.2,12.13,76.1,16.86,moderate
334.56,0.37,119.79,24.83,high
386.58,16.2,35.57,2.62,normal
381.99,16.62,36.3,2.17,normal
478.77,47.29,110.56,25.09,high
386.54,14.5,46.72,2.62,normal
394.88,34.42,38.64,18.42,moderate
365.59,10.53,36.51,8.37,low
318.61,0.41,94.93,23.06,high
404.61,19.04,38.53,3.94,normal
405.59,10.03,64.73,0.17,low
407.6,6.64,66.86,0.84,low
315.53,1.4,108.66,20.07,high
469.3,1.07,101.42,26.57,high
323.85,1.85,103.54,21.1,high
350.37,16.96,83.07,16.07,moderate
411.41,12.87,54.21,8.76,low
383.23,17.79,31.55,0.27,normal
399.56,7.62,32.08,9.32,low
246.06,37.08,119.22,27.16,high
409.88,6.72,68.39,0.77,low
403.21,11.9,51.99,7.69,low
463.75,35.32,93.31,26.66,high
384.78,9.36,30.12,2.89,low
349.96,17.14,70.71,4.11,moderate
395.15,17.69,38.09,4.5,normal
259.05,0.5,113.34,28.52,high
354.24,30.23,48.45,10.79,moderate
380.15,26.98,37.6,12.58,moderate
373.35,12.16,47.05,5.32,low
418.48,7.64,40.2,9.29,low
403.31,12.43,36.1,9.31,low
389.99,10.46,52.5,6.71,low
419.88,8.97,42.55,2.44,low
389.79,13.18,40.47,1.57,normal
465.33,1.12,98.29,24.31,high
391.11,5.35,66.3,2.92,low
468.11,1.03,104.04,21.44,high
344.06,13.47,84.87,12.29,moderate
368.29,15.44,55.53,8.19,low
395.82,15.08,45.93,3.51,normal
469.34,1.31,118.91,25.44,high
346.92,18.19,78.34,1.16,moderate
400.67,16.12,33.98,2.2,normal
389.61,11.22,58.66,4.53,normal
407.67,19.3,37.42,1.36,normal
407.48,17.51,60.27,8.48,low
408.29,13.07,68.37,4.07,low
403.33,29.51,80.37,18.84,moderate
413.83,10.86,34.1,1.55,normal
260.3,1.04,97.23,26.65,high
394.43,13.82,82.55,12.85,moderate
381.55,18.31,43.27,4.08,normal
370.02,6.89,32.47,3.02,low
412.27,6.72,49.09,3.35,low
380.89,16.02,39.05,4.53,normal
411.53,25.81,34.54,17.48,moderate
342.59,28.01,41.52,17.38,moderate
472.33,1.03,118.84,28.88,high
414.78,10.27,39.55,9.88,low
382.19,11.15,41.34,0.04,normal
409.34,5.21,44.33,7.56,low
394.19,13.62,62.68,6.1,low
392.59,18.64,41.03,1.52,normal
379.22,13.38,33.63,7.41,low
479.39,46.84,97.42,26.87,high
470.25,0.53,105.86,26.76,high
466.39,40.09,93.74,26.9,high
461.41,36.86,116.45,22.16,high
403.47,18.3,82.31,10.18,moderate
344.89,31.63,43.93,4.93,moderate
407.09,16.71,49.06,2.15,normal
471.05,1.09,117.7,21.09,high
344.64,16.7,71.53,3.79,moderate
394.39,12.98,30.54,0.57,normal
389.74,13.19,59.33,2.61,normal
352.4,16.16,72.69,3.15,moderate
364.8,15.9,41.11,5.69,low
357.67,33.69,37.6,2.77,moderate
393.42,5.86,30.37,8.16,low
460.53,0.89,90.68,20.5,high
470.05,37.53,115.87,21,high
467.72,1.28,97.89,27.26,high
387.17,15.37,59.67,4.64,normal
359.71,30.26,51.09,18.2,moderate
473.79,37.88,93.15,24.52,high
348.6,15.42,88.14,10.99,moderate
392.79,17.84,50.49,3.46,normal
384.35,29.96,86.48,15.6,moderate
375.24,8.41,50.94,1.15,low
359.27,32.44,38.84,3.07,moderate
360.11,11.29,40.08,0.5,low
462.66,0.03,113.56,21.25,high
393.11,11.99,83.56,13.28,moderate
475.98,0.22,110.13,28.9,high
469.02,1.99,99.93,21.47,high
417.81,31.14,74.09,3.37,moderate
419.82,11.59,53.82,2.87,normal
385.33,7.57,54.6,5,low
390.9,10.8,58.74,5.04,low
349.12,32.96,41.35,16.51,moderate
391.03,15.18,68.23,4.54,low
346.89,13.29,80,12.46,moderate
303.73,47.93,109.85,28.3,high
398.16,6.92,62.71,4.02,low
417.12,12.49,33.59,6.71,low
350.91,25.44,78.68,0.86,moderate
206.29,1.93,97.32,20.07,high
347.39,11.03,71.22,18.16,moderate
475.47,1.22,92.19,29.5,high
354.06,12.01,46.31,17.99,moderate
397.75,15.09,37.27,2.73,normal
235.07,0.73,99.74,26.3,high
405.24,12.48,83.12,17.56,moderate
389.34,31.57,74.03,19.97,moderate
393.77,15.2,66.89,0.54,low
412.59,29.89,89,18.68,moderate
401.5,16.29,38.56,5.19,low
396.26,5.65,50.87,9.6,low
367.15,19.68,31.17,6.14,low
416.28,14.69,60.38,5.78,low
348.34,16.82,42.88,17.15,moderate
391.53,12.46,39.34,0.3,normal
244.39,40.4,93.99,27.53,high
359.05,11.18,74.17,18.84,moderate
467.7,37.22,118.18,24.11,high
478.35,1.55,113.41,29.61,high
382.99,15.87,73.66,12.85,moderate
418.73,33.61,34.99,14.05,moderate
394.99,10.53,87.72,18.12,moderate
394.24,11.49,33.06,4.98,normal
408.11,34.36,75.96,14.82,moderate
416.44,13.59,56.3,3.24,normal
366.88,8,30.37,4.88,low
337.84,43.15,110.18,24.34,high
466.22,47.34,94.69,21.36,high
246.35,44.03,90.68,26.19,high
246.84,0.65,115.6,22.82,high
245.71,1.58,97.4,22.43,high
479.84,0.51,110.22,20.49,high
394.74,10.82,66.97,9.33,low
382.11,10.72,30.29,7.86,low
393.18,15.5,52.08,4.75,normal
408.36,28.12,72.23,12.56,moderate
460.77,38.31,110.24,27.34,high
475.63,1.57,90.67,25.5,high
286.34,1.56,118.29,29.15,high
231.16,48.62,113.26,28.21,high
399.87,27.39,47.08,11.71,moderate
477.54,41.84,112.59,28.94,high
347.81,12.83,33.62,16.71,moderate
401.46,19.05,31.7,2.39,normal
207.25,0.09,105.88,20.07,high
356.02,32.12,47.82,14.16,moderate
271.46,1.24,99.89,21.78,high
391.49,12.84,64.51,9.04,low
409.05,14.24,48.19,1.95,normal
474.29,45.97,101.52,21.77,high
378.2,16.79,39.86,8.22,low
383.38,12.67,48.35,0.46,normal
418.2,17.69,33.03,5.11,low
389.51,15.61,69.79,2.02,low
411.35,25.93,74.96,18.34,moderate
376.93,16.26,64.95,2.76,low
386.57,16.12,52.17,0.63,normal
359.31,12.28,88.03,19.8,moderate
395.81,15.79,44.54,3.83,normal
295.09,42.21,108.11,21.11,high
417.99,8.1,33.68,7.77,low
387.16,34.67,37.2,18.07,moderate
401.82,28.21,47.41,12.12,moderate
418.4,10.35,38.81,3.77,normal
388.47,19.35,54.7,3.28,normal
243.62,0.7,112.94,24.04,high
248.46,0.81,100.04,27.78,high
349.62,13.92,79.05,10.25,moderate
405.66,14.08,62.18,5.97,low
342.94,32.15,70.31,3.15,moderate
403.27,15.76,40.94,4.31,normal
367.7,11.54,65.71,0.32,low
382.8,19.4,69.16,1.68,low
404.22,7.54,62.38,1.17,low
391.39,16.32,39.67,0.65,normal
416.17,34.35,41.1,17.23,moderate
327.74,1.97,96.43,25.31,high
405.33,18.17,38.15,7.24,low
392.99,7.06,60.07,3.25,low
348.86,16.6,70.65,12.91,moderate
418.03,17.86,34.54,5.76,low
407.61,19.09,46.34,0.1,normal
466.05,1.04,118.67,20.72,high
408.6,33.58,86.87,15.19,moderate
378.99,13.74,35.09,5.38,low
398.13,34.65,82.57,14.59,moderate
392.37,15.55,52.56,3.06,normal
381.51,14.85,41.13,0.26,normal
346.25,34.24,40.47,0.69,moderate
376.41,9.53,38.07,2.13,low
402.55,10.85,30.07,2.34,normal
214.47,35.67,108.36,25.5,high
415.79,12.9,45.47,4.61,normal
397.2,5.65,31.55,3.49,low
385.32,18.38,32.4,3.08,normal
365.43,11.2,60.03,0.33,low
365.91,17.87,40.85,9.94,low
356.54,26.85,86.9,1.52,moderate
359.16,29.3,77.69,2.51,moderate
414.13,27.91,38.22,14.37,moderate
336.78,43.14,98.68,22.48,high
411.95,19.59,49.19,2.79,normal
416.56,13.14,55.17,8.97,low
395.71,13.76,60.88,1.71,low
384.96,19.89,87.53,11.25,moderate
380.5,8.5,65.48,0.36,low
402.72,29.29,73.87,2.76,moderate
467.42,48.77,111.33,27.37,high
394.94,18.49,37.27,5.95,low
393.31,28.84,73.35,3.49,moderate
394.23,9.18,39.08,2.27,low
201.15,0.89,90.95,22.39,high
406.43,34.35,78.96,19.21,moderate
354.85,27.99,87.56,1.19,moderate
388.86,12.21,66.14,0.66,low
415.57,18.32,54.09,3.2,normal
381.15,6.24,62.72,1.6,low
405.52,25.97,75.22,19.72,moderate
464.4,40.5,109.69,21.44,high
388.51,17.55,45.86,4.08,normal
206,44.08,93.23,28.08,high
399.57,11.64,30.44,4.16,normal
414.36,12.62,66.53,9.95,low
380.56,6.11,48.05,1.36,low
413.2,10.91,63.99,2.6,low
409.95,17.33,46.44,3.15,normal
398.34,19.7,63.53,2.63,low
357.58,32.99,39.63,2.66,moderate
355.68,33.91,40.09,12.43,moderate
264.21,48.94,100.73,21.49,high
462.12,49.18,113.27,28.28,high
375.36,19.42,53.5,6.88,low
282.7,0.29,100.88,29.11,high
412.4,12.75,69.98,8.36,low
354.67,11.14,42.15,13.15,moderate
362.29,12.57,54.54,2.8,low
464.49,46.5,118.64,24.22,high
266.8,1.44,104.17,20.81,high
383.46,28.9,89.28,3.46,moderate
400.97,15.21,53,4.04,normal
410.15,19.51,47.17,4.97,normal
465.97,46.11,104.82,29.73,high
467.18,0.43,91.03,26.54,high
354.47,29.92,45.43,1.49,moderate
260.73,40.77,119.32,26.73,high
365.86,19.82,49.05,2.95,low
208.3,1.35,103.35,29.06,high
470.99,48.7,98.2,28.59,high
410,19.75,80.9,16.23,moderate
419.97,15.99,69.43,0.84,low
412.87,5.02,65.79,3.88,low
353.52,34.38,76.48,4.31,moderate
295.08,1.87,105.63,24.93,high
401.61,19.71,41.37,1.85,normal
247.77,0.67,104.33,27.36,high
346.72,18.26,58.38,16.27,moderate
407.57,9.7,60.34,1.59,low
381.4,17.41,45.97,1.08,normal
416.22,19.89,43.67,3.23,normal
409.78,31.3,71.84,2.58,moderate
406.37,13.95,35.66,3.67,normal
479.35,36.79,102.13,27.12,high
416.09,14.9,62.65,0.49,low
397.12,6.49,35.47,2.4,low
398.84,11.79,37.29,0.96,normal
403.28,19.84,61.71,9.64,low
318.01,41.07,93.48,23.73,high
328.74,1.98,94.19,27.07,high
375.95,6.28,54.14,2.88,low
400.25,18.06,81.05,13.46,moderate
390.29,26.64,84.01,2.67,moderate
391.37,9.49,37.46,1.37,low
360.39,13.91,67.84,4.67,low
336.98,48.88,107.33,23.91,high
355.56,17.2,74.89,2.39,moderate
381.64,27.48,77.49,17.63,moderate
383.55,26.7,79.87,19.67,moderate
351.84,27.52,52.29,3.17,moderate
410.17,10.38,44.89,4.26,normal
416.97,16.85,45.84,4.19,normal
411.77,14.27,56.08,0.9,normal
412.95,17.79,32.72,0.14,normal
410.39,18.49,68.45,0.03,low
247.7,44.37,104.68,27.49,high
359.02,11.23,72.32,15.3,moderate
408.36,14.53,63.46,6.28,low
383.48,18.96,69.51,2.21,low
368.95,8.22,42,4.01,low
364.44,13.26,61.05,1.94,low
401.16,13.25,47.85,3.68,normal
409.44,10.78,51.03,0.76,normal
342.57,19.99,30.04,14.31,moderate
349.7,34.31,70.52,2.4,moderate
401.03,11.35,54.08,3.53,normal
399.01,15.21,46.6,3.68,normal
397.17,16.56,32.51,3.1,normal
354.57,12.14,86.63,0.29,moderate
357.98,28.36,76.55,2.5,moderate
349.76,28.78,33.79,14.68,moderate
415.41,34.22,73.89,15.17,moderate
399.39,18.32,67.09,8.62,low
358.31,17.16,73.51,1.34,moderate
406.4,18.02,42.78,3.77,normal
419.41,11.06,52.08,0.76,normal
395.39,19.94,47.2,2.94,normal
355.08,15.68,84.87,4.92,moderate
261.67,0.25,92.64,22.8,high
411.74,10.56,51.58,2.94,normal
403.9,18.78,41.5,0.81,normal
362.51,16.69,47.74,8.81,low
363.78,16.06,45.16,3.5,low
476.86,1.1,104.54,25.64,high
350.78,31.89,52.48,2.94,moderate
356.34,26.44,48.08,15.45,moderate
357.13,27.78,53.72,1.64,moderate
210.48,1.51,113.88,24.38,high
298.08,1.49,92.44,28.49,high
246.28,41.55,100.78,23.29,high
388.16,8.48,31.8,0.37,low
355.67,18.32,86.95,11.85,moderate
364.4,14.8,61.83,2.54,low
394.84,16.39,30.3,3.67,normal
467.6,35.87,113.18,24.78,high
354.34,29.49,82.58,3.09,moderate
403.79,18.62,38.92,4.4,normal
396.86,15,40.93,4.01,normal
304,40.29,117.42,22.21,high
351.45,34.23,33.82,16.02,moderate
217.75,45.42,117.96,27.62,high
394.55,17.8,73.95,14.91,moderate
225.46,39.69,108.17,23.63,high
394.15,10.36,35.73,4.45,normal
401.09,6.83,56.87,1.71,low
276.52,40.3,94.85,26.5,high
401.54,14.46,33.87,1.53,normal
226.05,44.52,112.94,25.74,high
261.2,1.02,90.5,28.66,high
466.09,45.75,91.48,23.38,high
353.3,31.97,52.32,0.11,moderate
476.87,37.88,96.13,26.87,high
399.2,19.37,42.31,0.09,normal
418.98,34.41,70.43,13.56,moderate
203.16,37.19,113,24.92,high
412.78,28.69,80.51,13.52,moderate
304.86,47.64,111.77,25.29,high
370.63,17.45,48.63,5.34,low
465.37,1.14,109.44,23.11,high
388.38,8.07,32.93,7.47,low
393.8,7.96,54.33,0.6,low
390.65,16.5,32.19,3.31,normal
360.63,6.35,50.23,4.73,low
332.37,1.26,117.71,26.95,high
389.74,13.68,41.65,3.86,normal
364.14,19.68,34.93,8.4,low
393.34,15.15,52.71,0.38,normal
355.64,14.58,88.44,19.59,moderate
391.45,15.38,48.34,0.17,normal
369.04,11.67,42.83,6.79,low
384.36,16.27,32.01,4.86,normal
412.83,7.58,34.1,1.92,low
348.25,15.06,47.67,10.81,moderate
470.81,1.2,104.11,26.11,high
346.17,25.26,45.36,0.7,moderate
470.17,46.6,98.05,27.5,high
374.36,8.62,42.92,4.34,low
387.68,25.43,85.44,10.16,moderate
412.96,15.46,30.02,2,normal
341.63,33.38,56.87,19.41,moderate
351.5,34.89,72.5,4.61,moderate
461.39,0.86,117.43,21.43,high
284.84,1.55,95.02,28.87,high
410.03,18.71,66.3,5.49,low
392.47,11.68,69.91,4.23,low
464.59,0.37,108.94,29.52,high
348.1,10.97,84.57,19.99,moderate
384.34,13.23,35.42,6.81,low
355.83,13.33,49.18,12.72,moderate
465.52,40.1,105.6,23.44,high
391.26,16.94,38.15,4.92,normal
407.43,11.27,55,0.35,normal
395.56,18.22,65.52,5.32,low
390.75,10.07,69.27,3.24,low
409.99,13.85,50.23,5.23,low
384.65,12.86,47.22,2.96,normal
460.61,39.78,108.88,28.17,high
363.96,15.18,37.24,7.23,low
398.3,13.1,52.07,9.95,low
416.43,30.95,40.93,11.06,moderate
403.08,12.32,62.1,0.67,low
361.66,16.52,35.25,8.79,low
388.12,18.22,54.74,1.47,normal
415.36,19.63,37.21,4.52,normal
419.2,16.43,58.5,4.77,normal
407.13,19.91,32.33,9.57,low
387.14,30.54,34.53,10.1,moderate
344.06,15.67,80.54,10.93,moderate
412.03,17.78,59.08,4.62,normal
396.42,15.28,50.43,2.68,normal
347.43,18.2,35.93,15.78,moderate
393.22,14.87,35.86,4.02,normal
401.42,15.39,53.81,3.63,normal
385.1,15,52.53,3.19,normal
281.37,48,115.9,29.17,high
348.31,14.75,83.82,12.58,moderate
398.26,10.4,55.92,5.41,low
252.05,0.78,114.79,20.14,high
477.34,49.82,119.53,27.13,high
397.29,13.16,55.1,2.61,normal
390.6,17.37,59.59,2.98,normal
247.5,0.29,101.68,25.2,high
412.53,18.12,38.96,1.2,normal
376.45,18.22,30.32,8.07,low
391.17,19.89,71.53,11.62,moderate
476.92,47.26,94.36,27.3,high
343.24,33.4,77.75,1.58,moderate
416.83,25.55,84.84,17.75,moderate
412.42,14.41,37.88,1.55,normal
265.52,0.71,96,29.37,high
324.9,42.7,117.85,21.47,high
410.99,11.11,34.5,4.98,normal
381.86,26.53,59.34,18.29,moderate
345.07,26.08,47.95,2.07,moderate
419.15,6.79,59.24,4.92,low
394.76,15.5,49.16,3,normal
360.33,15.01,44.72,7.11,low
388.85,12.06,33.87,0.09,normal
409.73,13.94,48.12,2.53,normal
393.46,14.5,37.33,3.07,normal
381.86,9.02,36.67,2.21,low
289.75,48.94,100.02,21.21,high
322.57,0.7,97.74,29.1,high
336.15,47.93,93.35,29.18,high
403.47,19.93,45.92,8.2,low
240.55,44.95,92.73,24.4,high
410.91,10.9,51.97,0.65,normal
385.88,14.72,45.94,3.37,normal
461.07,1.8,115.15,24.31,high
306.72,1.61,111.5,21.86,high
349,28.56,37.24,18.92,moderate
357.25,28.13,44.42,13.72,moderate
387.58,19.43,34.57,9.1,low
400.29,10.85,34.52,0.93,normal
393.09,14.03,32.31,0.68,normal
408.9,7.31,43.4,5.15,low
391.37,11.4,30.91,1.51,normal
410.51,25.44,71.99,4.79,moderate
417.21,19.4,31.64,0.11,normal
373.75,16,31.82,7.16,low
319.58,0.98,117.52,24.19,high
358.28,17.56,79.48,1.27,moderate
352.89,30.38,53.45,17.38,moderate
327.19,1.8,102.88,20.25,high
395.03,19,52.34,3.06,normal
414.24,8.9,53.42,1.05,low
350.16,18.22,33.53,10.51,moderate
419.61,18.11,33.87,3.13,normal
400.06,6.73,65.01,0.89,low
382.58,14,32.46,4.13,normal
401.26,10.72,66.46,0.86,low
410.4,31.92,79.07,0.16,moderate
460.27,0.29,105.03,24.44,high
385.13,34.48,84.04,16.31,moderate
461.85,0.89,102.29,25.44,high
357.22,12.88,89.54,2.63,moderate
359.77,27.91,35.02,3.99,moderate
395.94,16.53,51.33,0.71,normal
461.26,0.58,113.28,20.42,high
401.47,14.64,43.65,1.79,normal
416.34,7.55,37.41,9.09,low
477.7,49.7,110.27,23.21,high
473.3,1.88,109.88,27.52,high
409.55,18.07,54.74,3.08,normal
419.43,18.7,43.55,4.31,normal
234.72,0.98,91.59,28.76,high
347.63,25.79,72.33,0.42,moderate
389.84,17.04,32,2.1,normal
419.11,15.33,44.75,1.92,normal
460.89,0.45,117.56,20.54,high
471.07,1.87,119.42,28.36,high
412.59,10.78,30.87,2.14,normal
398.55,18.79,56.76,3.73,normal
411.64,32.23,86.95,10.73,moderate
387.62,11.07,35.74,3.87,normal
417.25,13.06,35.14,3.99,normal
460.95,0.93,110.8,27.18,high
393.62,15.73,52.88,0.18,normal
370.02,18.04,52.03,0.51,low
395.54,17.64,59.77,3.41,normal
378.6,12.96,59.61,6.87,low
415.25,10.87,45.08,8.33,low
413.74,11.14,35.91,0.09,normal
399.99,10.96,49.89,3.26,normal
479.69,44.37,91.48,21.38,high
400.13,17.04,57.35,3.34,normal
350.57,26.67,54.59,13.43,moderate
342.61,10.84,40.43,14.62,moderate
387.11,15.4,48.52,1.3,normal
402.05,17.63,50.17,2.42,normal
345.61,34.64,77.99,0.68,moderate
470.91,1.1,102.08,26.07,high
382.52,13.32,63.47,1.14,low
390.88,17.64,69.06,3.51,low
461.27,1.65,95.34,25.66,high
387.42,15.23,32.97,8.26,low
378.75,9.4,43.14,4.02,low
388.76,14.02,31.71,1.67,normal
334.51,45.58,118.92,28.88,high
413.42,9.56,39.89,7.28,low
382.16,12.27,52.6,9.45,low
383.3,11.33,69.38,6.19,low
347.12,15.59,71.37,11.43,moderate
417.47,8.4,39.59,6.87,low
380.82,5.75,63.67,4.2,low
202.99,1.6,103.9,22.74,high
405.55,13.41,34.36,3.87,normal
396.2,12.66,46.45,4.19,normal
464.07,36.5,97.4,21.69,high
360.84,15.54,52.34,0.24,low
412.37,17.84,34.63,7.1,low
350.01,11.87,78.91,19.91,moderate
410.55,16.65,60.95,6.71,low
206.8,1.49,114.63,26.94,high
399.87,12.93,45.55,1.78,normal
389.17,11.32,66.48,4.32,low
230.76,0.13,106.98,23.37,high
384.53,16.57,43.79,4.63,normal
297.3,44.03,106.9,20.46,high
410.46,14.16,57.44,0.83,normal
386.87,31.77,84.59,17.94,moderate
376.7,5.33,56.8,1.26,low
390.69,12.52,35.95,1.37,normal
382.62,5.13,66.97,4.63,low
419.88,19.04,60.95,1.65,low
347.48,31.21,43.43,2.44,moderate
397.5,19.96,70.59,12.78,moderate
399.36,14.33,45.88,1.85,normal
468.36,1.68,118.72,28.36,high
392.29,12.59,60.89,5.09,low
361.24,7.6,49.42,1.8,low
343.69,18.14,88.73,17.34,moderate
472.32,36.6,115.75,24.93,high
375.44,19.14,33.77,7.33,low
395.11,13.66,63.58,5.62,low
469.74,40.33,111.72,26.05,high
467.25,46.17,115.67,24.96,high
389.89,17.32,31.58,1.67,normal
353.18,17.6,76.68,14.57,moderate
397.17,8.86,30.22,4.56,low
351.75,29.8,56.47,14.23,moderate
418.81,10.32,31.93,2.17,normal
374.57,16.48,69.17,1.76,low
377.73,5.98,44.54,2.1,low
262.45,38.26,90.18,21.45,high
467.23,0.06,106.1,25.39,high
470.84,46.37,112.68,26.9,high
353.72,26.1,86.26,0.78,moderate
418.68,16.38,79.55,12.15,moderate
373.01,9.91,41.49,1.43,low
390.21,12.71,36.4,4.99,normal
264,44.78,94.2,20.16,high
352.42,34.46,33.47,14.17,moderate
470.18,36.15,101.8,23.4,high
236.73,41.48,98,22.42,high
478.19,42.77,115.41,25.9,high
220.38,45.88,113.43,23,high
342.91,25.86,52.63,14.17,moderate
383.61,16.41,42.47,3.01,normal
369.15,6.35,59.29,2.37,low
338.13,1.67,106.98,27.27,high
461.31,49.78,111.02,27.8,high
209.34,46.67,113.47,23.86,high
393.56,11.39,34.56,0.62,normal
405.44,5.49,51.38,4.08,low
342.12,10.02,81.48,2.27,moderate
376.99,16.15,35.95,0.81,low
354.28,15.12,84.78,14.66,moderate
354.56,18.5,37.44,10.63,moderate
473.87,49.11,111,29.24,high
411.09,13.79,41.84,0.39,normal
356.28,27.44,55.45,0.4,moderate
465.09,1.35,102.57,26.52,high
401.06,10.43,53.98,2.45,normal
222.42,49.17,115.85,24.72,high
395.28,6.37,45.89,1.9,low
252.46,1.65,94.59,29.93,high
411.5,11.26,39.78,0.74,normal
399.85,31.04,89.58,2.09,moderate
418.51,9.03,47.25,2.08,low
476.69,39.02,109.57,26.73,high
472.09,40.21,108.73,21.08,high
381.26,13.04,48.65,9.1,low
392.39,11.59,40.1,4.09,normal
362.48,14.52,62.48,4.9,low
415.04,12.67,39.94,0.78,normal
382.16,10.91,53.51,2.36,normal
416.98,10.47,30.44,5.18,low
406.55,10.17,52.03,1.53,normal
270.48,43.75,119.82,23.84,high
254.31,40.84,90.3,24.16,high
347.41,13.38,86.6,4.76,moderate
463.48,43.39,92.97,27.1,high
398.43,14.89,41.66,4.45,normal
395.46,16.96,43.16,9.64,low
391.82,13.66,38.83,3.45,normal
393.8,17.74,52.57,3.83,normal
408.97,15.19,43.66,0.38,normal
266.8,42.87,118.63,20.16,high
400.33,13.58,47.12,7.86,low
368.3,11.05,68.11,2,low
408.96,18.45,46.07,4.64,normal
407.7,8.32,37.54,5.27,low
478.31,1.09,114.83,28.62,high
462.07,1.38,116.1,27.21,high
414.54,13.39,58.12,3.24,normal
388.27,11.73,31.29,7.14,low
395.49,10.55,63,1.33,low
353.95,29.42,56.58,18.04,moderate
409.76,12.09,38.36,1.55,normal
418.73,9.72,51.74,9.59,low
351.35,16.43,80.55,16.38,moderate
390.6,14.26,55.31,3.64,normal
404.68,12.85,50.43,5.69,low
351.88,30.51,77.35,3.98,moderate
411.46,18.02,35.22,4.73,normal
419.67,8.29,66.68,0.69,low
461.18,1.62,107.71,25.16,high
392.89,18.29,51.87,1.74,normal
478.81,46.34,111.29,26.25,high
329.14,44.93,96.72,22.59,high
463.91,42.55,96.03,28.95,high
386.12,17.52,61.06,8.68,low
408.25,15.13,35.31,1.96,normal
361.8,10.46,50.35,2.66,low
397.46,11.28,59.78,4.86,normal
341.3,31.41,34.4,15.13,moderate
352.48,15.21,58.09,13.5,moderate
396.99,16.06,32.86,2.43,normal
392.75,18.91,53.14,1.63,normal
469.85,35.49,94.94,23.27,high
397.92,9.41,35.34,5.06,low
214.06,1.24,108.42,21.81,high
383.51,13.54,54.57,0.97,normal
411.22,26.62,52.79,19.25,moderate
379.38,19.15,44.99,1.22,low
380.78,28.95,52.41,11.08,moderate
407.05,13.8,44.38,6.05,low
393.3,12.75,32.62,9.08,low
351.97,15.19,78.48,12.2,moderate
419.22,11.15,51.14,4.75,normal
403.86,13.64,30.31,3.86,normal
342.64,18.78,88.7,3.32,moderate
353.49,28.77,79.81,4.83,moderate
418.46,33.82,84.68,1.6,moderate
405.48,7.42,65.67,0.77,low
406.03,15.97,40.22,0.11,normal
413.28,18.67,38.97,3.6,normal
340.61,17.59,78.16,11.06,moderate
377.11,16.38,44.04,7.52,low
242.73,1.75,118.63,23.44,high
255.71,0.83,110.85,22.3,high
381.42,25.48,39.38,19.54,moderate
385.16,16.95,39.58,2.97,normal
468.35,44.61,116.61,27.4,high
212.04,41.01,95.61,25.79,high
415,6.22,60.19,0.67,low
232.45,41.11,95.79,27.17,high
201.15,0.08,92.53,20.58,high
413.51,15.73,41.45,1.96,normal
414.75,12.25,72.29,12.08,moderate
383.27,19.25,48.75,9.66,low
415.2,15.51,76.12,13.83,moderate
410.67,26.63,54.6,12.78,moderate
356.19,13.92,43.42,12.33,moderate
400.93,10.9,38.03,9.02,low
387.18,25.04,55.26,18.29,moderate
396.14,14.38,50.01,8.89,low
316.7,35.26,111.92,26.56,high
357.22,32.42,32.44,0.65,moderate
479.54,0.5,90.89,21.35,high
476.74,1.72,109.5,26.38,high
370.14,16.8,32.26,9.68,low
365.94,15.79,63.18,2.23,low
402.68,7.15,67.85,3,low
340.9,31.68,52.2,16.39,moderate
382.28,7.07,62.39,3.81,low
395.73,18.72,54.62,3.8,normal
327.69,39.85,99.04,26.66,high
392.07,30.71,76.8,19.32,moderate
477.05,47.05,96.89,25.27,high
340.85,15.64,57.07,18.47,moderate
375.99,6.52,37.34,0.15,low
400.07,17.55,30.85,4.16,normal
373.01,17.35,69.36,4.3,low
392.33,14.89,30.79,0.88,normal
410.6,14.63,47.67,2.68,normal
419.01,5.45,47.72,0.19,low
380.97,19.77,46.5,1.34,normal
470.74,43,108.76,28.41,high
472.28,1.59,110.53,20.64,high
381.4,30.08,89.09,3.34,moderate
403.88,18.16,57.57,1.34,normal
384.13,14.37,31.59,8.61,low
470.33,1.69,103.24,28.93,high
273.25,42.79,111.35,21.29,high
350.5,27.29,77.57,4.62,moderate
389.97,19.73,55.61,1.2,normal
252.94,1,110.99,22.53,high
418.06,34.27,57.82,14.51,moderate
419.36,11.73,63.38,2.69,low
390.32,15.08,34.68,3.86,normal
402.24,18.24,49.66,2.85,normal
401.63,28.36,49.35,10.48,moderate
372.04,10.81,51.78,3.19,low
415.41,19.71,75.48,13.09,moderate
379.41,12.1,48.9,1.94,low
379.16,5.04,30.99,3.87,low
402.49,12.36,53.2,2.1,normal
396.19,19.57,60.41,7.69,low
385.38,28.83,76.71,11.39,moderate
321.72,0.27,91.33,27.32,high
382.4,10.02,51.14,4.21,normal
343.09,26.43,82,4.83,moderate
400.55,11.95,34.59,0.41,normal
266.37,48.79,114.53,27.34,high
358.76,16.39,70.44,4.22,moderate
342.33,11.08,88.24,18.07,moderate
393.02,18.23,56.34,4.34,normal
364.12,18.04,36.2,4.34,low
410.46,18.06,85.12,15.25,moderate
408.88,11.91,42.74,3.06,normal
463.02,43.71,111.1,22.87,high
406.53,19.64,34.12,2.09,normal
370.58,9.1,42,1.03,low
346.14,18.01,82.04,19.78,moderate
387.43,29.06,70.85,14.05,moderate
341.41,11.01,75.06,16.32,moderate
365.75,7.6,49.7,0.9,low
390.65,33.22,76.72,4.11,moderate
394.5,7.53,37.87,3.02,low
402.92,12.69,43.68,3.88,normal
270.89,40.61,104.17,21.23,high
404.45,18.53,45,0.55,normal
392.31,16.9,32.14,2.29,normal
384.57,13.87,44.76,3.84,normal
387.3,10.11,47.79,2.58,normal
399.09,14.79,43.42,4.56,normal
463,45.67,99.12,27.09,high
380.77,17.12,68.41,8.47,low
462.13,48.77,103.21,21.77,high
267.16,46.66,104.47,23.6,high
394.16,18.51,75.01,16.54,moderate
471.2,1.82,91.53,26.2,high
246.98,38.64,114.69,21.02,high
277.79,43.7,94.12,21.43,high
382.74,19.45,66.43,3.54,low
469.79,0.7,101.32,28.3,high
405.71,12.22,61.09,0.06,low
403.8,14.39,32.02,2.88,normal
390.68,19.87,39.17,0.96,normal
403.88,19.55,37.09,4.17,normal
316.4,0.82,98.99,20.89,high
389.07,14.95,43.9,2.56,normal
352.7,29.29,74.3,3.23,moderate
368.75,12.34,33.31,6.4,low
347.28,17.37,72.23,14.2,moderate
298.09,0.61,96.66,29.62,high
378.3,10.78,38.81,7.67,low
396.58,11.66,36.48,4.68,normal
355.51,30.29,83.3,3.48,moderate
463.96,1.89,117.46,29.09,high
467.97,44.56,92.19,26.06,high
464.17,0.62,113.63,27.98,high
354.14,14.34,76.55,15.07,moderate
344.95,32.61,30.8,4.15,moderate
373.48,16.08,37.99,8.2,low
405.85,19.74,46.59,2.09,normal
405.74,14.19,59.99,1.91,normal
479.84,1.63,115.33,21.21,high
357.66,33.84,59.49,4.79,moderate
413.18,15.04,49.63,0.4,normal
397.06,9.57,50.59,6.04,low
409.99,5.85,54.11,9.48,low
389.79,28.7,77.37,19.97,moderate
411.52,15.41,40.14,2.02,normal
274.6,1.28,116.64,27.98,high
402.04,11.88,55.28,1.26,normal
416.08,6.94,51.86,0.21,low
399.08,14.44,34.59,5.88,low
473.75,41.41,95.06,26.41,high
354.04,32.63,54.5,11.07,moderate
361.13,9.47,39.53,0.57,low
465.53,1.66,104.04,24.64,high
417.98,32.14,86.08,12.91,moderate
417.71,18.78,56.06,0.5,normal
411.25,11.92,53.07,0.59,normal
479.45,41.27,97.29,26.61,high
207.7,44.26,104.49,20.38,high
413.1,5.28,69.56,3.18,low
404.66,9.17,60.44,4.23,low
371.24,14.23,46.15,1.42,low
339.27,0.93,94.68,22.51,high
391.41,28.42,85.31,16.06,moderate
397.25,15.38,34.05,2.16,normal
399.52,19.42,38.6,0.91,normal
403.77,15.99,41.04,4.82,normal
340.4,12.78,82.63,11.85,moderate
467.03,1.31,106.08,25.21,high
398.52,16.27,30.26,0.13,normal
410.53,32.61,59.77,11.52,moderate
463.68,1.85,93.15,26.06,high
411.12,31.26,34.69,11.72,moderate
380.32,13.99,65.14,9.36,low
406.76,11.15,58.28,6.06,low
382.63,14.02,32.27,4.1,normal
357.37,15.69,46.1,10.43,moderate
238.61,49.97,108.86,27.71,high
398.43,6.89,60.14,2.03,low
404.39,14.89,45.49,0.29,normal
356.69,15.88,45.05,13.56,moderate
418.6,13.39,49.62,1.73,normal
463.83,1.99,91.54,27.77,high
402.43,17.24,76.97,18.52,moderate
349.79,29.3,84.9,1.86,moderate
465.43,1.41,102.98,24.79,high
401.94,33.63,56.96,12.36,moderate
280.77,1.49,91.39,29.03,high
463.84,0.26,97.73,25.14,high
294.53,0.82,105.67,29.1,high
473.28,1.58,96.05,24.82,high
355.84,12.73,44.26,10.85,moderate
358.44,10.09,83.72,1.56,moderate
271.52,42.93,102.75,20.28,high
415.18,17.81,46.4,0.29,normal
418.38,12.24,48.68,9.05,low
405.87,17.48,65.51,5.11,low
381.6,18.98,53.1,2.18,normal
478.33,45.17,119.97,26.73,high
395.22,15.14,35.09,2.16,normal
376.91,12.54,65.54,1.44,low
407.86,16.33,51.87,3.39,normal
383.68,29.35,75.2,12.08,moderate
323.92,48.68,106.14,20.79,high
411.7,14.62,40.17,2.89,normal
399.3,10.05,37.15,2.33,normal
348.6,18.47,75.27,17.18,moderate
377.83,18.48,56.11,6.55,low
404.72,25.28,78.16,16.44,moderate
382.64,8.01,58.52,7.26,low
343.26,31.13,47.17,10.8,moderate
406.99,28.56,87.23,10.73,moderate
475.1,47.89,119.24,26.97,high
349.37,29.82,44.77,2.67,moderate
413.69,10.18,47.36,4.78,normal
383.39,14.62,44.14,4.27,normal
408.54,8.5,53.37,4.25,low
414.01,18.79,83.03,16.71,moderate
479.15,1.31,90.18,24.3,high
399.28,25.02,37.37,14.91,moderate
409.08,14.8,33.46,2.77,normal
416.16,7.35,60.76,2.31,low
385.14,12.3,60.82,3.56,low
392.58,10.37,41.99,2.28,normal
365.1,14.74,42.82,3.25,low
393.66,5.21,64.24,4.26,low
390.89,11.09,33.17,2.95,normal
357.33,34.82,56.07,18.27,moderate
403.81,30.99,74.38,15.7,moderate
382.12,27.47,87.45,11.93,moderate
399.25,6.52,34.04,3.2,low
403.4,13.89,49.96,2.71,normal
398.96,13.1,59.43,3.07,normal
329.98,0.9,90.84,25.9,high
406.99,31.61,70.95,2.03,moderate
477.08,0.48,94.11,28.12,high
393.6,8.1,66.55,0.73,low
390.15,14.1,31.82,5.79,low
410.4,19.9,57.9,3.82,normal
346.04,14.46,84.31,0.9,moderate
366.15,6.18,35.46,4.02,low
384.07,16.62,55.8,2.08,normal
397.56,19.64,40.37,1.71,normal
414.16,15.67,88.9,12.26,moderate
408.59,31.22,86.53,15.7,moderate
467.7,37.53,116.28,28.26,high
260.78,39.97,118.62,23.69,high
419.11,18.65,59.64,4.69,normal
464.65,1.57,103.47,27.93,high
385.91,8.5,66.14,2.1,low
325.27,41.55,103.1,27.1,high
467.25,2,98.56,23.26,high
300.52,0.92,104.33,28.43,high
406.71,6.07,42.12,8.53,low
409.6,13.96,56.17,4.14,normal
373.33,15.67,65.96,0.8,low
400.63,17.26,58.07,2.36,normal
209.91,42.53,105.77,23.98,high
414.36,14.87,47.31,1.65,normal
393.65,16.72,58.96,4.34,normal
382.66,6.4,39.99,7.9,low
222.79,1.05,96.92,24.04,high
370.36,7.28,31.85,1.84,low
417.4,19.88,32.03,3.53,normal
418.19,17.62,47.14,2.23,normal
377.9,7.17,34.94,1.08,low
385.02,30.25,84.7,18.26,moderate
351.57,27.3,86.96,4.33,moderate
348.43,16.04,76.12,1.86,moderate
242.84,1.38,115.9,22.88,high
360.46,9.08,41.82,2.17,low
408.86,9.97,46.36,7.65,low
469.09,40,114.81,22.8,high
361.94,13.08,43.29,1.9,low
363.49,17.72,58.46,4.54,low
341.09,17.56,55.36,13.51,moderate
389.55,10.14,64.9,4.12,low
388.19,32.45,83.67,12.58,moderate
325.34,1.76,107.93,23.67,high
366.18,18.81,62.82,4.88,low
220.28,38.98,108.54,24.58,high
347.41,34.68,81.39,1.7,moderate
402.34,18.79,51.91,5.7,low
407.47,25.46,36.76,16.25,moderate
295.4,46.47,97.72,28.83,high
370.08,9.6,56.57,1.72,low
394.88,8.86,50.4,4.15,low
470.56,38.15,102.63,21.78,high
407.21,14.45,59.88,2.53,normal
288.82,49.56,104.54,28.96,high
417.04,31.97,48.31,16.81,moderate
413.46,15.04,50.98,2.99,normal
406.62,14.88,38.52,1.85,normal
346.16,33.4,89.84,3.91,moderate
372.93,18.9,47.33,4.32,low
354.97,15.54,76.43,4.76,moderate
470.6,43.33,93.38,25.35,high
359.33,34.19,43.95,1.08,moderate
404.21,5.67,65.08,2.01,low
383.83,13.64,42.66,5.33,low
385.58,15.44,58,4.04,normal
407.84,19.92,51.7,2.15,normal
475.38,1.53,95.4,29.25,high
346.29,14.87,32.08,19.22,moderate
311.23,40.14,111.22,21,high
382.32,19.83,37.01,2.78,normal
404.89,28.65,55.46,13.07,moderate
336.6,1.71,97.74,24.89,high
344.18,25.35,43.09,19.81,moderate
411.05,14.98,48.51,2.65,normal
406.31,17.54,57.26,3.58,normal
396.55,6.27,60.25,3.24,low
216.08,40.32,117.48,27.45,high
226.83,0.15,90.68,20.42,high
273.24,0.46,119,23.73,high
407.88,11.9,59.07,4.85,normal
404.48,13.21,62.5,2.02,low
233.75,46.11,109.79,22.31,high
390.63,14.25,35.21,4.2,normal
412.75,29.11,85.31,13.02,moderate
473,39.83,109.08,25.88,high
347.09,19,73.17,4.99,moderate
418.75,18.84,47.85,2.01,normal
389.27,5.31,53.25,3.67,low
260.1,0.43,96.02,26.8,high
344.6,25.24,39.72,1.21,moderate
407.73,18.27,40.49,2.57,normal
381.68,15.52,40.79,2.02,normal
403.01,17.73,32.19,3.93,normal
382.5,10.94,39.26,1.98,normal
409.1,9.1,66.5,4.86,low
394.52,13.68,67.52,0.76,low
383.88,33.35,42.43,16.5,moderate
411.2,17.56,43.42,3.56,normal
363.98,15.68,59.49,9.64,low
414.43,14.62,32.38,8.28,low
276.2,47.47,95.33,27.49,high
353.79,28.89,79.34,4.75,moderate
395.3,6.14,49.28,4.11,low
355.51,16.57,73.4,12.22,moderate
311.31,49.95,118.63,29.63,high
390.74,8.51,64.16,2.48,low
340.12,34.14,48.81,3.18,moderate
357.69,30.13,32.77,0.14,moderate
396.35,14.12,34.75,3.36,normal
418.43,9.53,47.23,7.84,low
352.03,12.36,88.25,13.37,moderate
356.97,30.27,52.49,10.53,moderate
390.21,10.76,60.7,2.4,low
464.13,35.78,104.64,27.79,high
416.24,12.22,30.49,0.88,normal
355.45,14.44,88.77,13.66,moderate
382.03,19.87,34.4,0.01,normal
409.69,13.23,35.59,1.04,normal
383.55,13.86,41.11,4.64,normal
396.77,25.14,81.99,17.75,moderate
404.39,8.52,60.34,1.29,low
399.84,27.91,81.11,0.56,moderate
349.24,34.37,58.48,0.96,moderate
346.92,18.64,89.49,14.81,moderate
418.38,11.06,49.19,3.48,normal
460.26,44.35,114.29,26.01,high
379.36,19.56,61.86,1.91,low
347.19,10.81,48.69,13.71,moderate
398.93,15.88,61.51,6.31,low
372.44,17.35,57.79,7.38,low
392.75,10.69,48.87,0.47,normal
471.54,38.93,98.23,26.71,high
342.87,18.68,70.92,17.24,moderate
352.09,29.08,39.69,14.31,moderate
418.65,6.25,59.4,2.77,low
410.37,10.11,48.98,3.71,normal
467.7,0.28,92.79,20.39,high
465.79,0.27,97.79,23.85,high
410.48,16.64,49.54,3.49,normal
392.46,9.93,35.8,4.86,low
380.94,16.07,60.68,5.96,low
366.92,18.79,53.33,4.14,low
402.25,13.53,36.98,4.79,normal
393.19,11.49,43.07,0.73,normal
389.28,16.49,38.39,6.88,low
376.14,14.62,55.69,1.03,low
264.84,0.45,96.23,21.33,high
465.39,35.4,107.27,29.31,high
409.2,8.19,30.29,8.61,low
379.36,18.92,36.33,0.16,low
370.83,15.84,30.87,3.27,low
389.75,17.99,40.98,3.36,normal
313.99,1.21,94.85,29.16,high
408.7,16.57,45.36,3.89,normal
341.92,27.78,45.62,2.77,moderate
340.94,25.9,45.27,13.43,moderate
392.39,14.54,67.31,9.05,low
406.54,13.65,42.67,2.16,normal
413.72,30.8,84.91,19.31,moderate
342.92,12.53,89.91,0.13,moderate
383.33,10.04,49.92,4.03,normal
347.77,16.13,70.32,15.31,moderate
351.42,32.49,41.54,14.52,moderate
417.36,12.09,61.43,5.59,low
201.19,0.53,102.07,22.78,high
382.79,32.13,54.74,19.05,moderate
372.4,5.27,32.56,1.11,low
399.81,18.44,39.63,2.11,normal
469.23,1.88,118.34,28.45,high
396.86,16.13,40.92,6.93,low
385.99,10.92,41.13,5.61,low
346.28,10.3,71.32,12.57,moderate
392.33,8.78,52.15,0.39,low
410.02,15.1,39.15,0.85,normal
419.09,33.52,50.93,12.93,moderate
200.98,0.76,114.63,26.06,high
475.76,1.11,103.09,21.11,high
399.89,13.89,67.15,1.35,low
417.36,14.87,55.27,3.36,normal
336.25,46.05,111.49,27.95,high
362.79,14.63,65.08,0.11,low
352.04,30.21,33.85,15.12,moderate
464.77,47.93,90.46,22.29,high
401.99,19.11,56.03,2.16,normal
358.74,18.35,38.42,18.16,moderate
295.46,1.84,106.87,26.79,high
392.81,30.77,86.57,1.07,moderate
475.6,0.48,96.13,27.04,high
357.29,32.14,82.55,1.7,moderate
418.02,13.09,45.26,0.27,normal
327.77,0.24,101.93,22.85,high
403.84,11.95,62.91,4.2,low
350.24,30.77,49.29,16.58,moderate
358.32,29.71,40.33,12.03,moderate
388.23,14.1,40.42,3.14,normal
465.06,42.48,97.91,26.07,high
464.24,39.53,111.32,25.35,high
209.66,49,107.05,24.49,high
284.14,1.08,103.96,25.98,high
363.74,10.65,64.19,4.42,low
467.34,1.62,106.11,22.7,high
410.57,18.53,44.44,1.98,normal
352.85,18.65,79.87,2.49,moderate
376.13,16.9,67.35,4.58,low
388.04,19.04,57.02,3.52,normal
349.85,25.65,46.74,3.35,moderate
407.71,10.51,69.36,6.08,low
411.26,29.72,74.76,11.76,moderate
403.26,17.53,53.06,4.42,normal
389.72,14.65,51,1.43,normal
473.69,48.76,106.99,24.44,high
469.46,37.13,98.28,21.94,high
399.51,17.81,53.84,8.06,low
382.01,10.3,57.34,0.81,normal
400.29,19.71,56.28,2.59,normal
357.44,30.42,75.87,2.18,moderate
400.26,17.87,58.73,2.25,normal
476.39,1.91,96.87,29.88,high
385.12,34.95,74.4,16.24,moderate
354.61,30.98,38.1,13.46,moderate
398.82,5.17,59.67,3.24,low
463.76,39,116.02,21.85,high
391.71,11.7,34.18,2.87,normal
344,18.34,35,14.54,moderate
386.35,5.97,42.65,2.41,low
385.82,5.63,65.43,0.66,low
411.26,12.22,58.98,2.98,normal
389.14,19.19,35.51,2.25,normal
472.31,0.81,100.58,28.54,high
413.9,8.92,54.82,2.63,low
395.83,18.82,44.49,3.48,normal
405.89,18.09,37.58,1.75,normal
385.76,18,82.85,15.79,moderate
415.21,13.81,59.02,6.96,low
295.3,0.71,94.01,29.82,high
382.44,12.18,58.93,1.78,normal
274.46,0.55,119.75,29.59,high
320.14,0.43,101.01,24.9,high
359.71,17.11,70.86,4.58,moderate
415.03,26.87,80.26,12.26,moderate
461.9,42.31,98.5,25.24,high
352.96,18.9,45.93,16.27,moderate
474.02,42.74,110.63,27.51,high
388.64,33.58,82.18,0.28,moderate
406.43,17.67,41.44,0.42,normal
344.17,19.53,70.05,0.64,moderate
408.34,18.8,52.6,7.23,low
388.65,17.3,61.68,0.14,low
341.4,34.6,78.94,4.64,moderate
341.18,13.78,87.18,4.43,moderate
471.08,41.4,95.56,29.39,high
418.51,14.85,83.56,12.61,moderate
403.74,12.55,38.12,1.69,normal
415.66,9.14,65.21,4.57,low
411.19,14.82,46.13,4.82,normal
214.47,0.75,112.46,22.97,high
353.52,27.09,50.22,4.98,moderate
359.72,34.34,83.63,3.06,moderate
462.84,0.88,108.47,22.98,high
473.23,40.77,108.62,29.99,high
464.7,46.99,108.51,23.4,high
406.96,12.23,41.38,1.74,normal
413.5,15.85,35.71,2.62,normal
351.69,30.51,50.58,17.49,moderate
394.88,15.84,47.87,2.02,normal
467.17,45.02,98.95,29.75,high
408.67,25.54,77.78,10.99,moderate
382.75,14.76,44.15,3.32,normal
385.74,31.44,84.22,13.46,moderate
353.46,17.24,39.38,16.56,moderate
387.71,16.86,33.18,4.82,normal
462.83,0.94,111.34,20.49,high
469.33,47.87,95.63,26.88,high
406.55,34.85,31.32,15.22,moderate
408.23,13.24,58.81,3.21,normal
325.89,0.89,106.69,22.26,high
380.44,10.26,65.94,2.76,low
410.33,10.42,36.17,1.98,normal
383.46,17.47,44.44,2.1,normal
466.71,48.76,92.91,20.81,high
393.51,9.07,69.89,1.57,low
475.84,41.92,115.68,29.6,high
473.8,1.6,105.86,21.49,high
383.77,15.9,58.83,4.79,normal
313.73,0.14,116.62,22.52,high
381.52,6.53,46.41,7.71,low
340.41,29.4,52.76,4.47,moderate
394.53,13.54,44.54,3.84,normal
348.98,29.84,75.48,4.17,moderate
327.35,0.82,110.37,28.42,high
365.38,7.3,37.33,0.67,low
390.1,27.35,80.32,1.38,moderate
399.92,26.16,72.18,10.36,moderate
390.12,15.85,41.18,0.56,normal
394.45,10.87,53.49,2.04,normal
374.76,7.49,31.94,1.38,low
407.31,18.46,67.02,2.2,low
359.28,28.78,42.66,11.24,moderate
346.02,31.6,88.54,3.69,moderate
396.31,19.27,60.06,4.48,low
387.31,31.72,56.49,13.2,moderate
380.46,18.56,31.91,2.43,normal
402.45,16.27,40.01,0.64,normal
351.29,15.19,89.19,12.52,moderate
475.02,1.65,96.86,21.62,high
403.62,15.37,32.24,4.06,normal
206.33,0.06,113.34,25.25,high
416.79,25.38,80.53,11.33,moderate
361.29,16.85,55.58,0.33,low
233.78,45.24,97.81,27.62,high
414.3,18.5,37.16,2.99,normal
408.32,8.48,39.47,8.59,low
342.69,17.44,73.88,1.71,moderate
400.93,16.93,40.26,3.01,normal
413.8,5.47,45.36,7.33,low
391.86,32.67,75.14,16.95,moderate
417.06,10.29,38.33,9.56,low
475.75,44.12,96.13,21.31,high
415.77,9.41,52.27,7.9,low
377.7,15,40.41,5.83,low
419.43,18.77,32.61,9.76,low
356.62,26.21,33.83,14.81,moderate
308.39,0.75,112.91,25.2,high
299.7,1.99,117.9,20.96,high
209.35,40.31,111.21,27.33,high
407.86,14.67,43.25,4.02,normal
462.31,37.91,117.17,25.4,high
464.35,40.37,106.43,21.79,high
475.01,39.51,112.03,28.86,high
359.86,31.11,48.25,10.09,moderate
467.83,0.96,111.59,24.46,high
345.56,28.4,38.54,16.17,moderate
389.15,8.82,62.79,4.9,low
401.95,19.53,32.67,0.62,normal
277.91,42.47,93.6,22.12,high
340.23,30.06,89.33,1.2,moderate
406.81,14.27,30.17,4.04,normal
401.79,11.6,62.11,9.1,low
328.03,0.04,97.28,27.76,high
469,37.23,102.64,25.98,high
279.29,1.53,95.36,28.45,high
350.49,10.6,51.97,15.9,moderate
389.24,29.27,73.22,15.6,moderate
383.05,19,30.85,2.97,normal
416.49,12.14,43.24,2.14,normal
412.72,28.53,78.25,11.96,moderate
401.52,15.72,49.74,1.15,normal
410.63,34.47,89.46,0.42,moderate
404.46,16.67,86.8,11.41,moderate
352.55,17.64,52.88,15.89,moderate
352.91,15.37,37.45,17.4,moderate
472.03,0.3,101.2,24.54,high
393.95,11.77,30.82,4.32,normal
210.26,1.66,107.78,24.11,high
366.43,19.17,69.06,0.88,low
378.15,11.2,66.4,3.39,low
414.96,13.63,74.21,12.17,moderate
390.59,11.68,38.01,1.34,normal
325.32,1.23,100.08,27.47,high
400.91,17.49,57.23,1.95,normal
345.34,26.06,51.91,10.27,moderate
214.28,37.38,97.44,21.39,high
417.34,19.71,56.23,3.84,normal
419.77,34.69,41.76,16.77,moderate
403.27,28.13,52.13,12.58,moderate
476.68,0.92,100.55,23.5,high
479.45,36.38,119.9,27.15,high
403.06,18.82,33.77,0.53,normal
396.04,13.74,46.64,4.87,normal
391.74,12.79,51.95,2.2,normal
416.65,19.96,47.34,2.65,normal
361.05,10.08,41.06,5.56,low
383.11,16.65,39.37,1.04,normal
323.09,1.9,91.96,28.27,high
352.97,11.59,88.02,1.9,moderate
387.44,11.59,48.87,2.63,normal
347.52,30.72,42.6,0.3,moderate
395.84,10.03,50.38,0.92,normal
394.72,16.16,42.85,4.61,normal
394.69,28.12,42.34,18.67,moderate
342.32,32.54,34.76,13.69,moderate
355.62,30.4,55.62,0.81,moderate
363.17,10.01,45.42,2.33,low
468.76,49.23,107.36,24.01,high
460.32,43.52,108.9,28.53,high
362.83,19.26,47.11,1.13,low
463.23,0.66,105.47,26.5,high
344.92,29.18,56.13,10.74,moderate
372.21,15.47,34.77,2.87,low
349.26,18.4,87.81,15.14,moderate
386.9,19.51,36.35,1.61,normal
377.22,10.5,64.26,3.67,low
402,34.3,87.74,14.35,moderate
399.9,10.91,33.07,4.63,normal
367.06,11.75,69.19,4.98,low
478.04,0.06,110.45,21.1,high
475.65,35.78,103.88,24.32,high
375.58,16.16,65.59,2.83,low
413.26,25.06,79.66,12.3,moderate
352.69,26.09,49.24,17.99,moderate
379.11,9.87,50.01,1.26,low
465.82,45.87,115.18,28.13,high
252.08,0.61,116.52,24.08,high
415.08,7.01,50.05,6.98,low
359.41,34.73,48.79,18.99,moderate
412.52,19.52,43.48,0.22,normal
385.1,26.48,79.56,3.43,moderate
345.03,17.23,37.54,11.82,moderate
201.83,1,114.6,22.91,high
380.89,5.83,64.95,1.61,low
407.12,25.72,84.45,13.12,moderate
390.09,5.56,40.75,2.25,low
385.2,11.35,42.38,2.93,normal
344.37,33.76,31.58,14.99,moderate
470.18,42.46,109.24,21.81,high
385.91,15.82,30.54,3.61,normal
382.16,28,83.98,2.14,moderate
417.61,11.08,48.1,2.99,normal
383.1,10.23,31.08,4.07,normal
237.4,0.72,117.18,23.46,high
415.82,12.3,30.85,1.46,normal
255.49,1.97,117.81,22.44,high
418.69,8.91,69.7,0.18,low
397.75,17.15,47.66,0.45,normal
393.13,34.86,49.07,12.02,moderate
349.85,29.83,37.1,13.21,moderate
261.03,43.12,117.19,22.96,high
351.45,28.19,73.75,4.27,moderate
409.54,32.24,59.74,12.22,moderate
269.79,41.08,118.58,22.9,high
391.58,19.92,32.18,1.46,normal
348.89,30.87,83.81,2.35,moderate
386.82,6.79,38.58,6.08,low
381.16,16.8,89.63,11.89,moderate
354.22,13.13,77.24,15.07,moderate
257.42,1.98,109.28,24.88,high
307.88,44.82,99.7,23.71,high
402.93,16.56,57.87,0.12,normal
350.84,32.6,44.69,2.5,moderate
389.06,17.22,55.87,9.43,low
342.02,25.53,87.89,2.2,moderate
462.82,1.79,109.3,27.33,high
355.86,18.59,51.04,17.75,moderate
393.36,30.32,80.43,10.81,moderate
415.75,14.33,55.15,3.69,normal
350.69,34.12,57.22,3.77,moderate
352.04,32.04,73.39,2.32,moderate
396.57,11.77,75.67,14.94,moderate
376.85,19.82,49.83,4.36,low
396.4,33.7,38.56,13.99,moderate
476.05,0.16,109,28.66,high
284.59,1.98,110.34,25.38,high
402.97,17.21,32.11,8.18,low
346.67,18.64,79.35,1.22,moderate
320.69,40.05,90.09,24.59,high
351.04,17.49,83.91,14.28,moderate
416.88,18.98,34.61,0.1,normal
400.9,13.01,56.59,9.78,low
353.08,32.53,36.5,17.24,moderate
400.36,13.3,48.72,2.48,normal
396.52,12.18,72.41,19.29,moderate
349,14.51,31.15,15.58,moderate
408.27,16.61,44.06,0.2,normal
387.64,10.72,56.05,2.5,normal
305.55,1.17,99.52,21.22,high
405.22,17.48,45.98,0.33,normal
389.21,16.9,51.97,0.17,normal
234.42,48.65,114.56,24.15,high
418.19,18.64,36.7,2.71,normal
369.16,17.22,56.04,7.61,low
400.65,10.41,38.73,1.68,normal
383.21,15.12,63.48,4.28,low
381.33,15.91,34.49,3.23,normal
345.11,11.77,78.89,13.01,moderate
358.79,28,48.7,12.44,moderate
371.61,17.51,51.2,9.15,low
464.24,1.68,90.45,24.38,high
402.42,15.64,57.78,4.68,normal
386.79,17.69,35.82,4.87,normal
378.72,15.77,39.48,4.93,low
331.95,45.65,110.36,25.97,high
416.18,10.51,66.38,6.21,low
464.35,42.71,91.26,26.9,high
355.54,25.21,34.55,4.3,moderate
309.52,43.62,92.64,24.34,high
200.47,0.92,118.38,25.27,high
402.27,19.97,32.51,0.9,normal
408.15,18.79,40.76,4.21,normal
463.04,1.11,117.51,20.17,high
369.31,18.02,49.38,2.76,low
400.14,18.57,77.13,11.74,moderate
407.91,11.28,52.66,2.3,normal
351.11,10.02,71.61,3.43,moderate
398.74,18.3,48.8,3.05,normal
346.5,10.78,83.29,11.2,moderate
364.35,10.84,40.71,4.19,low
478.44,48.46,105.11,22.79,high
412.29,27.04,81.66,1.77,moderate
295.8,47.13,117.16,29.07,high
372.48,13.66,33.15,7.64,low
376.26,15.57,53.71,0.14,low
460.13,0.67,98.08,25.11,high
406.37,11.96,51.41,2.13,normal
401.33,29.65,41.97,17.83,moderate
406.72,14.47,40.38,9.77,low
386.86,17.71,38.38,7.47,low
341.21,15.61,70.25,3.79,moderate
405.77,5.05,48.84,3.49,low
407.43,9.13,51.35,1.64,low
213.25,47.79,110.31,28.84,high
405.04,8.5,37.3,1.73,low
403.8,9.54,47.92,0.61,low
346.51,28.81,40.73,1.4,moderate
397.7,30.29,83.93,4.83,moderate
412.26,11.74,54.14,4.32,normal
352.16,28.95,45.85,11.05,moderate
377.62,16.52,51.83,4.84,low
350.27,26.66,48.43,15.75,moderate
401.29,14.38,48.62,4.83,normal
410.42,13.65,51.44,0.21,normal
472.46,48.24,97.79,23.04,high
414.21,12.8,43.9,4.79,normal
383.22,14.31,31.26,4.93,normal
348.4,14.36,44.4,10.62,moderate
392.38,5.52,47.16,2.99,low
367.78,10.97,49.62,6.94,low
362.73,12.57,60.82,1.25,low
402.25,9.13,67.08,0.45,low
288.85,44.38,90.8,25.76,high
383.66,16.69,36.1,5.34,low
223.72,1.72,103.38,29.63,high
408.11,12.9,36.09,3.59,normal
347.65,27.7,31.58,11.23,moderate
311.43,41.31,98.54,23.22,high
385.17,6.97,37.49,3.61,low
416.58,19.76,88.12,18.99,moderate
389.65,30.34,80.25,18.47,moderate
206.95,0.79,117.4,25.49,high
375.23,19.79,52.02,2.56,low
406.93,12.66,47.75,3.22,normal
462.19,47.79,97.88,21.07,high
382.96,17.51,84.8,14.78,moderate
407.29,7.08,47.3,2.06,low
382.69,15.15,47.95,4.09,normal
340.97,31.73,49.67,16.84,moderate
474.17,45.75,105.43,28.02,high
460.18,0.91,98.99,26.23,high
468.34,1.04,101.29,28.48,high
399.19,14.04,50.26,3.45,normal
244.49,1.28,119.96,28.12,high
352.14,11.39,83.01,15.74,moderate
395.61,15.16,46.04,2.65,normal
224.17,0.43,91.39,25.14,high
364.12,7.22,37.86,1.61,low
401.48,18.22,31.26,0.58,normal
414.1,25.22,42.28,18.23,moderate
415.42,19.46,56.81,4.23,normal
419.85,6.32,56.39,1.96,low
367.26,17.12,58.99,0.12,low
395,11.01,63.59,2.14,low
346.44,12.52,57.16,10.3,moderate
357.09,29.37,47.05,13.46,moderate
383.57,17.74,56.81,3,normal
381.81,28.32,35.79,19.5,moderate
381.78,17.99,58.29,5.39,low
413.36,13.7,42.43,1.42,normal
406.83,32.08,71.42,16.55,moderate
393.55,7.13,53.14,1.7,low
358.58,17.38,76.86,19.6,moderate
398.39,17.15,40.57,1.73,normal
417.53,16.13,56.03,1.8,normal
390.04,17.94,67.76,5.37,low
409.65,29.43,74.95,2.75,moderate
408.96,19.51,64.45,3.61,low
370.5,10.99,55.03,9.33,low
388.59,16.75,58.57,2.29,normal
398.87,13.52,56.39,2.84,normal
233.58,1.85,96.19,22.58,high
479.8,37.85,102.71,29.22,high
418.92,19.87,43.58,4.63,normal
342.9,33.22,55.27,19.65,moderate
403.31,15.7,62.85,9.49,low
384.95,10.99,51.08,4.86,normal
304.15,0.4,93.18,23.65,high
392.54,10.55,41.03,0.37,normal
408.22,15.41,39.33,2.9,normal
397.53,10.94,35.05,2.18,normal
404.59,34.02,36.33,17.86,moderate
414.55,16.09,41.49,4.92,normal
349.91,33.6,83.74,1.87,moderate
470.27,36.53,107.3,20.06,high
460.15,46.48,102.06,29.61,high
368.31,18.68,65.72,1.55,low
396.86,8.56,45,6,low
407.06,12.58,46.04,2.27,normal
379.31,13.3,69.87,4.5,low
343.28,31.14,47.89,10.76,moderate
380.45,25.33,35.73,18.1,moderate
398.41,7.16,48.16,8.83,low
397.71,9.89,37,7.56,low
367.8,12.91,51.37,2.61,low
472.08,49.28,102.79,24.6,high
402.72,14.51,40.81,3.24,normal
383.6,10.73,52.29,0.31,normal
466.62,1.72,115.8,26.2,high
414.31,12.69,50.92,0.59,normal
392.2,14.7,34.07,4.73,normal
395.54,11.58,36.26,3.59,normal
471.62,0.56,96.26,28.6,high
386.16,15.6,39.43,0.78,normal
479.67,42.66,108.88,29.05,high
391.34,29.83,82.38,15.51,moderate
475.57,1.19,99.34,28.51,high
391.5,19.62,74.74,14.26,moderate
473.87,1.23,99.92,25.84,high
384.72,8.18,68.08,0.11,low
345.71,29.85,52.4,12.3,moderate
413.46,17.18,45.98,2.18,normal
410.69,12.89,48.43,3.27,normal
478.19,36.1,105.79,21.49,high
392.55,5.47,45.71,0.88,low
353.69,16.6,75.56,15.45,moderate
322.65,0.52,112.6,27.2,high
297.3,1,103.06,29.8,high
344.12,29.84,77.26,2.42,moderate
319.31,39.68,104.66,21.69,high
416.88,13.42,41.68,2.28,normal
391.24,19.8,40.35,0.2,normal
476.68,44.14,108.06,26.91,high
350.75,34.81,42.13,2.04,moderate
345.03,10.61,81.56,11.94,moderate
351.08,13.08,76.68,0.44,moderate
403.86,13.29,58.84,3.61,normal
391.4,8.72,53.07,3.54,low
394.52,33.23,85.1,15.45,moderate
343.81,32.51,50.68,4.79,moderate
393.25,29.31,78.46,17.32,moderate
396.35,8.32,36.89,0.46,low
220.78,48.74,107.8,20.32,high
358.1,12.2,75.41,11.45,moderate
386.26,7.04,46.61,1.49,low
401.97,29.56,81.43,17.78,moderate
378.18,9.24,38.39,3.18,low
408.02,25.48,87.54,3.94,moderate
343.05,18.82,50.85,17.88,moderate
471.66,42.59,103.16,20.9,high
400.02,12.15,57.51,2.46,normal
397.63,17.72,45.58,2.92,normal
294.08,35.24,101.45,28.3,high
471.52,40.81,113.44,20.46,high
460.2,37.97,111.63,22.24,high
396.68,7.05,54.18,5.16,low
317.94,0.15,115.72,24.46,high
392.58,18.8,50.73,2.38,normal
465.08,0.25,105.75,27.05,high
346.99,10.48,81.76,3.61,moderate
404.7,11.12,31.18,4.55,normal
370.57,11.76,67.23,0.4,low
269.24,0.5,92.31,21.79,high
246.51,37.97,101.36,27.05,high
391.75,15.78,43.34,0.78,normal
380.35,17.68,83.83,13.73,moderate
406.13,15.16,60.87,2.61,low
392.27,14.34,77.75,19.1,moderate
397.5,19.77,72.51,15.75,moderate
412.76,10.47,67.18,5.6,low
389.45,12.34,35.56,0.56,normal
312.75,1.06,113.45,20.8,high
465.81,1.27,113.28,25.41,high
409.24,15.09,57.91,4.67,normal
478.39,40.42,108.34,26.9,high
351.61,16.28,78.97,2.54,moderate
383.94,25.09,71.56,10.6,moderate
229.38,47.58,91.05,24.67,high
392.85,11.94,48.87,0.44,normal
417.83,29.17,89.49,3.97,moderate
406.58,19.39,34.24,2.29,normal
343.92,13.24,89.65,17.16,moderate
385.15,16.48,82.42,18.72,moderate
383.56,31.03,72.06,16.75,moderate
389.96,10.8,40.68,7.43,low
400.39,18.65,79.92,18.79,moderate
392.44,12.71,30.17,3.86,normal
329.64,49.35,97.34,25.05,high
407.6,11.42,53.36,3.72,normal
387.4,12.87,57.1,3.29,normal
296.91,1.05,111.08,28.13,high
409.05,10.13,39.79,0.23,normal
410.78,7.7,44.24,5.79,low
383.35,15.74,30.07,4.36,normal
219.6,1.55,103.68,26.39,high
382.85,30.85,82.98,4.7,moderate
416.82,19.63,71.17,16.77,moderate
475.61,48.84,108.31,27.41,high
407.28,29.63,57.4,15.3,moderate
380.55,19.54,77.79,16.01,moderate
364.76,7.99,43.31,3.39,low
341.1,14.48,54.12,14.01,moderate
418.54,17.52,55.63,3.84,normal
412.88,10.97,53.93,2.05,normal
358.07,13.04,56.36,13.08,moderate
344.72,12.66,72.03,10.31,moderate
238.72,0.53,105.4,21.83,high
242.06,0.67,104.84,20.46,high
378.99,14.06,35.32,8.42,low
410.71,17.98,59.59,3.8,normal
216.72,0.53,95.68,29.07,high
353.23,18.58,72.53,13.32,moderate
404.4,6.46,40.71,0.4,low
404.67,9.06,59.02,6.43,low
410.28,9.09,30.97,1.47,low
387.64,17.18,48.81,6.11,low
389.54,10.53,42.78,2.22,normal
361.11,12.78,43.98,5.99,low
411.64,6.72,68.84,4.42,low
396.41,16.52,33.91,0.47,normal
404.72,14.22,44.01,3.98,normal
385.23,13.93,53.1,4.16,normal
476.34,37.06,98.23,25.34,high
390.53,19.18,35.91,3.27,normal
217.73,46.33,105.9,23.74,high
385.34,13.1,50.94,3.16,normal
380.85,32.97,85.62,19.92,moderate
401.78,33.63,82.08,4.71,moderate
254.07,0.48,94.45,22.66,high
401.96,13.04,39.86,1.54,normal
345.4,10.46,58.34,10.32,moderate
384.5,28.34,85.04,2.09,moderate
269.96,39.76,97.88,28.51,high
360.07,9.94,38.05,1.91,low
391.06,13.61,68.19,5.24,low
419.45,17.15,42.63,3.09,normal
323.02,35.99,110.42,20.66,high
339.55,42.46,106.69,27.57,high
355.5,13.88,79.76,13.02,moderate
359.45,11.28,88.11,15.57,moderate
408.94,11.68,54.67,3.93,normal
366.85,15.49,57.19,8.03,low
401.76,17.79,64.1,3.85,low
402.46,10.58,53.47,9.59,low
388.23,15.57,57.83,2.99,normal
395.11,5.86,40.02,0.79,low
387.44,18.92,38.13,0.76,normal
376.44,18.63,69.67,3.76,low
347.81,29.38,53.32,3.79,moderate
401.72,17.12,31.77,4.72,normal
401.66,19.99,37.66,2.23,normal
381.29,17.58,47.49,1.23,normal
358.53,17.21,82.98,3.66,moderate
358.04,10.15,82.79,11.21,moderate
391.91,14.88,35,0.44,normal
393.61,12.43,69.92,5.03,low
412.08,12.31,69.06,4.92,low
347.84,10.54,71.8,19.6,moderate
402.47,14.81,62.76,1.04,low
468.42,1.92,118.31,26.72,high
332.31,47.39,105.36,23.81,high
386.44,14.33,53.44,0.61,normal
388.87,13.79,38.68,0.96,normal
329.78,0.12,117.04,28.89,high
334.65,49.51,117.22,20.62,high
476.41,43.79,90.93,24.31,high
463.2,1.35,113.72,24.67,high
396.37,12.93,30.08,2.8,normal
350.1,17.74,76.62,4.67,moderate
380.87,13.54,58.35,5.76,low
391.29,10.18,41.97,3.09,normal
393.33,9.03,57.1,7.78,low
394.09,12.86,33.39,1.12,normal
380.21,10.15,56.29,1.15,normal
372.07,10.44,48.17,2.52,low
406.53,5.12,52.89,9.39,low
355.03,34.88,45.63,14.33,moderate
409.25,10.27,60.24,5.55,low
393.54,10.86,43.24,0.5,normal
465.16,1.67,100.72,24.58,high
364.97,17.71,49.68,8.17,low
388.66,6.42,45.85,4.78,low
415.71,11.93,75.56,14.91,moderate
333.62,41.94,104.4,23.22,high
294.61,0.83,98.97,25.21,high
477.05,1.66,103.61,25.49,high
350.06,33.79,31.43,19.87,moderate
362.17,10.34,54.77,2.57,low
396.51,16.59,36.61,1.16,normal
479.21,42.7,99.34,20.05,high
341.64,28.71,81.98,0.1,moderate
476.88,48.47,112.49,28.72,high
412.58,13.87,58.62,1.29,normal
353.51,15.35,81.82,16.09,moderate
414.42,18.86,51.57,0.85,normal
353.07,12.32,89.49,19.13,moderate
412.97,16.98,52.2,3.46,normal
368.57,9.95,38.61,0.09,low
469.14,0.48,94.82,20.83,high
414.02,11.82,52.88,1.18,normal
377.66,19.55,67.34,2.63,low
478.2,1.23,115.22,23.83,high
266.07,1.39,93.33,25.88,high
344.32,14.64,82.75,15.23,moderate
404.15,17.29,62.38,6.94,low
375.31,7.01,38.17,2.8,low
411.06,15.33,32.1,2.32,normal
411.45,14.51,34.52,3.04,normal
246.27,49.09,90.85,20.18,high
414.16,14.17,46.58,2.29,normal
382.76,29.27,37.39,13.89,moderate
468.3,0.69,104.77,27.97,high
231.35,41.63,114.87,27.03,high
371.59,11.4,37.79,0.51,low
401.07,28.11,85.8,19.48,moderate
399.26,8.65,33.13,0.23,low
399.34,15.27,49.25,3.46,normal
414.12,18.26,55.1,2.86,normal
245.99,37.23,102.72,21.49,high
371.66,18.54,59.71,2.43,low
241.74,1.2,92.58,21.7,high
393.59,11.6,48.34,1.44,normal
383.07,19.8,78.6,14.07,moderate
349.98,25.07,73.67,0.64,moderate
414.04,6.89,32.02,2.85,low
380.3,10.61,40.73,4.77,normal
309.33,39.59,91,26.05,high
399.18,30.58,79.99,15.21,moderate
381.51,17.75,33.76,3.1,normal
361.73,12.37,52.29,8.48,low
418.71,13.81,43.13,8.72,low
413.83,18.3,53.16,1.73,normal
358.45,12.89,83.12,19.46,moderate
415.5,18.91,60.23,2.68,low
394.31,15.96,34.86,0.22,normal
370.74,14.64,32.73,6.52,low
372.5,11.81,53.37,7.12,low
408.81,10.26,49.61,7.3,low
350.3,30.02,51.92,17.97,moderate
363.38,11.19,35.75,0.07,low
358.87,34.02,71.11,4.44,moderate
408.12,11.6,40.96,1.88,normal
384.89,16.8,62.13,1.41,low
373.69,18.51,65.96,0.52,low
369.17,19.44,59.8,0.49,low
407.09,18.61,56.8,2.81,normal
402.14,10.41,33.92,1.63,normal
398.63,15.8,50.78,1.23,normal
462.76,0.89,90.44,26.3,high
211.25,1.05,98.22,27.39,high
398.09,15.48,52.75,1.35,normal
354.32,34.78,76.3,3.06,moderate
409.05,32.87,80.28,11.29,moderate
400.41,12.52,54.03,1.34,normal
340.48,10,85.19,1.52,moderate
414.3,13.87,37.53,2.98,normal
347.87,25.24,77.33,2.55,moderate
361.04,14.32,65.23,3.65,low
380.61,16.65,57.66,0.2,normal
296.15,1.95,101.58,26.54,high
418.57,10.34,42.88,1.99,normal
472.39,38.22,108.17,25.46,high
388.9,10.2,63.25,1.56,low
385.51,14.34,57.02,0.89,normal
400.97,12.17,55.43,4.32,normal
394.59,27.52,37.51,12.65,moderate
391.79,32.37,34.02,16.31,moderate
356.42,32.77,72.02,1.59,moderate
215.63,0.71,114.05,22.71,high
357.62,30.78,58.09,19.37,moderate
466.53,48.31,110.01,27.31,high
272.48,0.7,106.54,25.29,high
471.62,1.7,118.62,28.88,high
409.88,18.27,36.88,0.87,normal
380.27,6.04,61.67,4.6,low
351.96,16.44,86.39,16.18,moderate
344.8,32.33,73.93,4.47,moderate
413.08,18.69,33.26,7.19,low
409.17,26.29,51.34,13.55,moderate
405.54,15.45,48.14,6.29,low
359.89,17.51,82.06,14.04,moderate
471.9,41.78,109.42,25.17,high
358.93,30.73,57.42,0.78,moderate
341.28,16.44,86.28,3.49,moderate
469.9,46.54,91.51,28.07,high
367.11,19.08,49.42,5.53,low
467.21,48.24,95.52,25.22,high
407.75,8.9,38.84,2.2,low
301.37,44.79,108.1,25.25,high
391.2,12.88,55.75,4.1,normal
340.97,19.48,89.68,14.42,moderate
342.17,30.92,43.71,18.33,moderate
361.97,13.91,68.01,2.97,low
382.87,6.28,41.71,0.27,low
279.01,44.03,116.39,21.38,high
402.44,10.06,49.58,4.5,normal
237.57,42.7,105.02,22.6,high
417.56,29.87,76.91,16.33,moderate
341.31,12.07,47.16,19.66,moderate
357.86,26.48,85.62,1.22,moderate
347.63,30.49,83.33,2.23,moderate
477.06,0.42,109.32,21.26,high
400.56,25.35,75.32,10.95,moderate
472.79,1.76,115.52,27.99,high
400.53,5.11,64.87,3.13,low
333.64,47.77,108.71,24.33,high
318.98,39.63,104.97,29.61,high
403.89,6.36,39.93,9.36,low
413.23,11.96,43.21,2.53,normal
349.22,30.95,41.07,2.16,moderate
395.3,10.57,57.18,3.14,normal
207.35,0.71,99.52,20.23,high
399.33,5.02,40.71,2.62,low
468.56,1.98,97.54,20.78,high
469.53,42.07,108.38,26.39,high
343.36,31.8,52.78,18.04,moderate
418.34,18.61,43.3,1.18,normal
404.68,12.82,32.35,3.93,normal
419.8,5.64,48.69,2.31,low
388.63,8.62,66.59,0.47,low
322.01,1.12,107.81,27.41,high
396.12,29.56,85.03,14.97,moderate
344.74,17.19,47.06,19.73,moderate
402.35,29.63,84.98,17.64,moderate
383.25,16.32,40.17,2.48,normal
402.1,13.45,46.52,1.13,normal
395.23,16.11,69.67,1.94,low
352.55,29.22,31.53,1.18,moderate
343.55,14.36,73.92,19.93,moderate
373.56,19.98,48.29,7.39,low
403.61,17.02,68.66,4.1,low
387.34,34.06,88.66,12.55,moderate
405.3,8.6,60.33,4.97,low
372.84,11.96,45.56,7.2,low
405.98,15.82,55.42,4.05,normal
390.21,8.65,59.53,3.05,low
364.15,7.9,47.59,3.18,low
401.5,6.91,32.42,4.6,low
212.29,45.73,101.75,29.85,high
402.2,17.71,47.74,0.6,normal
388.48,7.59,67.61,1.4,low
419.32,5.13,30.94,1.31,low
392.3,16.21,39.63,3.17,normal
397.84,10.06,57.65,1.31,normal
412.86,16.42,35.18,0.56,normal
407.16,14.9,32.4,3.47,normal
406.24,15.88,59.08,0.51,normal
237.15,39.76,113.55,26.96,high
411.6,14.74,54.47,4.95,normal
368.14,8.81,39.03,3.58,low
416.04,17.29,37.11,2.83,normal
407.83,30.79,87.75,2.91,moderate
347.23,26.62,47.77,13.01,moderate
390.02,19.03,52.06,2.17,normal
392.89,15.07,54.13,1.15,normal
388.94,29.04,53.24,13.31,moderate
340.94,17.57,56.28,15.29,moderate
393.81,15.58,39.58,3.62,normal
351.97,18.76,74.81,12.48,moderate
361.61,17.13,41.69,7.26,low
341.74,31.93,35.12,3.87,moderate
419.84,12.46,39.76,4.9,normal
358.87,15.87,76.22,13.04,moderate
323.16,49.52,101.74,22.25,high
239.63,1.62,93.53,22.2,high
412.01,16.32,50.43,3.86,normal
404.54,12.09,31.17,2.66,normal
400.85,13.47,31,2.63,normal
370.65,17.94,67.48,0.35,low
414.44,17.86,30.73,4.42,normal
346.35,29.31,81.55,3.74,moderate
357.02,27.15,30.09,1.05,moderate
468.04,42.35,112.53,27.89,high
372.89,7.9,34.57,1.2,low
252.44,0.94,100.93,25.18,high
405.05,17.76,34.12,1.61,normal
389.67,13.12,54.91,0.47,normal
393.81,15.1,68.06,1.37,low
251.07,44.97,119.62,28.25,high
381.35,16.13,46.99,1.43,normal
409.83,19.16,47.51,1.33,normal
461.12,0.22,92.31,29.06,high
368.94,17.86,60.71,4.3,low
380.85,16.02,52.16,3.66,normal
395.28,10.59,50.46,4.9,normal
396.14,19.09,69.43,1.03,low
415.33,14.52,31.03,6.85,low
388.63,14.37,60.37,2.52,low
393.45,7.88,37.71,0.22,low
381.28,11.79,49.72,0.91,normal
392.77,19.24,60.68,2.46,low
408.26,13.81,30.46,2.18,normal
405.27,12.86,60.22,7.5,low
412.9,16.72,53,3.23,normal
415.24,13.15,44.04,0.39,normal
409.88,30.48,58.94,15.48,moderate
372.79,6.24,56.25,3.28,low
377.56,10.15,30.77,7.38,low
323.99,0.45,113.24,26.59,high
462.23,39.38,109.02,20.4,high
405.47,5.63,30.77,8.03,low
385.01,15.16,41.54,2.43,normal
398.07,19.51,37.67,4.05,normal
477.41,41.3,116.71,29.7,high
404.51,5.35,44.76,3.94,low
478.34,42.65,119.31,25.73,high
394.93,17.3,31.47,4.23,normal
476.67,1.36,94.06,26.01,high
397.53,16.08,41.39,0.01,normal
403.95,29.81,89.83,2.54,moderate
383.81,19.48,61.76,6.22,low
344.33,30.01,34.55,10.38,moderate
466.65,44.54,100.39,28.3,high
396.47,19.71,64.33,0.22,low
383.71,15.01,44.85,3.33,normal
347.65,26.19,56.75,2.91,moderate
348.82,30.19,71.7,3.37,moderate
399.05,11.29,33.39,4.84,normal
346.83,34.21,44.82,2.7,moderate
409.43,28.9,70.52,11.18,moderate
311.62,0.75,104.38,27.27,high
244.86,0.76,97.75,21.06,high
380.83,11.36,73.99,17.46,moderate
396.18,16.34,45.65,1.97,normal
412.51,14.53,61.27,3.88,low
402.94,11.46,52.5,2.35,normal
479.1,44.05,115.2,29.71,high
225.72,1.16,104.69,29.88,high
351.78,26.21,87.59,4.57,moderate
407.28,33.71,80.55,2.41,moderate
397.64,11.33,58.51,1.76,normal
209.81,44.35,91.6,29.06,high
393.1,14.37,44.6,9.05,low
379.55,16.98,61.96,2.39,low
355.96,16.75,44.39,13.44,moderate
412.51,11.18,42.62,2.78,normal
387.7,9.39,34.18,6.21,low
387.23,15.96,66.41,0.69,low
214.72,36.5,110.29,26.41,high
411.75,8.49,42.77,4.26,low
345.4,10.98,38.96,14.45,moderate
401.82,13.19,30.19,0.16,normal
395.22,28.57,73.99,4.01,moderate
248.41,40.75,90.23,20.03,high
416.89,16.57,68.73,6.64,low
393.59,10.23,81.25,12.18,moderate
325.6,39.85,92.58,28.99,high
388.04,13.65,67.83,2.54,low
266.95,1.33,117.72,21.42,high
402.4,13.74,44.36,3.53,normal
375.77,14.41,55.47,3.54,low
341.57,19.65,80.08,16.67,moderate
479.16,0.83,91.53,28.76,high
417.84,17.75,33.51,1,normal
389.74,19.07,37.89,7.42,low
398.73,14.36,61.8,3.92,low
307.26,0.5,113.64,21.78,high
342.31,26.78,79.39,1.4,moderate
349.01,34.6,47.97,17.99,moderate
392.7,16.47,30.96,9.77,low
384.08,7.67,47.14,8.02,low
383.16,28.9,83.38,1.51,moderate
382.72,13.36,48.96,2.21,normal
299.53,0.43,107.83,29.38,high
409.37,16.17,79.88,13.09,moderate
309.7,0.73,102.24,21.37,high
411.25,18.3,48.1,2.06,normal
208.88,45.03,99.99,25.55,high
413.24,7.81,36.96,1.7,low
337.15,0.95,106.71,22.52,high
360.02,15.52,64.82,1.42,low
467.5,46.38,91.08,28.8,high
346.75,28.67,45.45,2.82,moderate
371.66,12.76,51.1,7.99,low
400.81,16,40.84,3.08,normal
263.17,1.13,96.22,25.68,high
397.13,32.47,74.43,18.55,moderate
416.84,18.97,55.34,0.29,normal
413.29,11.71,34.98,4.87,normal
327.96,1.25,92.26,20.48,high
460.58,0.08,100.45,24.23,high
477.96,49.75,98.75,27.24,high
315.3,0.03,102.6,22.27,high
414.09,18.01,87.48,18.77,moderate
345.45,29.63,42.58,15.41,moderate
355.4,25.51,49.67,0.96,moderate
472.61,35.87,113.17,21.19,high
477.26,1.23,116.32,21.2,high
347.31,32.47,57.34,17.07,moderate
395.48,12.49,50.45,2.85,normal
350.33,27.77,35.41,15.38,moderate
397.61,5.02,66.31,2.75,low
475.74,0.41,103.54,28.8,high
349.24,10.21,71.37,16.34,moderate
387.9,30.49,81.15,12.46,moderate
477.16,48.55,108.86,22.31,high
418.39,10.91,30.57,3.48,normal
470.13,48.32,104.58,24.63,high
389.81,8.44,39.76,0.85,low
238.96,1.03,111.48,28.97,high
341.67,19.58,55.24,14.89,moderate
390,15.95,46.72,5.2,low
401.26,10.67,55.82,2.88,normal
406.21,11.98,56.85,1.84,normal
416.99,5.78,45.48,0.31,low
418.38,18.44,65.38,5.29,low
365.55,6.12,49.96,3.84,low
405.9,10.96,56.72,4.43,normal
470.43,1.46,118.26,24.16,high
462.16,36.71,90.44,20.58,high
351.11,33.97,74.69,1.47,moderate
404.77,11.98,67.1,1.95,low
474.41,41.72,103.58,26.86,high
270.29,1.83,111.66,22.45,high
224.28,1.4,100.53,25.83,high
377.69,8.35,51.48,4.62,low
387.81,14.21,53.28,8.29,low
350.3,12.26,31.32,15.13,moderate
231.03,45.74,97.29,26.76,high
343.81,14.47,81.81,16.96,moderate
415.26,31.28,50.23,11.45,moderate
376.69,16.27,51.87,1.78,low
348.9,34.18,44.87,19.79,moderate
406.41,12.79,48.5,4.62,normal
413.28,26.31,89.72,0.89,moderate
285.82,1.21,98.47,20.06,high
381.56,6.36,65.72,4.81,low
351.71,12.93,57.37,17.67,moderate
389.6,18.17,61.28,9.42,low
391.41,28.92,37.58,10.44,moderate
468.66,1.67,109.3,24.72,high
341.83,30.55,59.97,0.99,moderate
390.54,13.4,68.07,9.64,low
412.53,5.57,45.87,2.6,low
469.6,41.09,106.97,23.89,high
220.62,48.52,119.83,24.47,high
460.94,39.29,94.38,25.04,high
378.09,16.79,32.46,1.05,low
401.03,7.81,62.59,0.46,low
374.11,7.16,52.22,4.5,low
338.8,1.21,98.9,28.57,high
275.56,1.75,90.48,29.89,high
395.72,30.11,47.75,12.08,moderate
478.02,0.8,107.14,29.35,high
383.5,13.47,65.03,4.75,low
464.39,42.77,108.91,27.59,high
344.44,19.03,31.03,18.91,moderate
380.43,16.77,64.17,1.39,low
341.66,30.71,59.15,3.44,moderate
344.99,27.06,50.05,2.88,moderate
397.44,13.87,44.42,6.34,low
357.96,15.1,83.79,12.09,moderate
345.49,30.42,39.48,10.94,moderate
382.1,11.78,37.69,6.14,low
406.2,27.53,85.56,4.85,moderate
370.83,12.17,47.04,9.8,low
410,17.1,55.96,4.64,normal
394.15,9.09,63.26,4.78,low
402.12,12.57,36.5,2.7,normal
394.53,10.96,43.14,4.8,normal
253.02,40.1,100.25,25.41,high
342.25,15.56,72.62,15.47,moderate
392.84,11.92,37.55,5.11,low
368.21,16.05,52.77,7.23,low
358.3,33.25,42.54,16.57,moderate
350.37,30.25,82.14,2.24,moderate
368.84,9.56,42.23,0.19,low
340.91,34.43,40.38,15.72,moderate
416.48,13.79,53.2,0.42,normal
473.44,1.24,95.28,24.05,high
367.84,19.38,55.72,3.77,low
408.8,13.91,45.49,1.11,normal
347.77,10.68,82.08,15.69,moderate
277.1,35.9,109.26,29.96,high
378.34,19.7,57.68,0.55,low
366.05,5.72,47.8,3.35,low
477.3,45.5,99.8,23.7,high
460.37,47.99,91.01,23.65,high
344.28,15.79,70.04,1.88,moderate
477.96,35.88,119.33,26.11,high
466.27,47.55,105.26,22.2,high
404.48,17.72,44.37,3.15,normal
472.87,39.1,106.52,25.68,high
369.9,9.55,58.53,1.54,low
376.83,19.26,35.28,6.24,low
419.51,15.93,55.99,3.42,normal
397.54,8.95,67.7,2.34,low
342.13,33.84,39.24,1.37,moderate
355.43,35,36.49,1.86,moderate
386.7,18.06,33.7,2.65,normal
412.24,26.88,73.79,0.63,moderate
368.83,18.8,37.04,3.85,low
401.29,18.98,54.29,4.87,normal
412.44,11.22,36.49,2.63,normal
384.25,27.85,84.75,2.35,moderate
397.93,33.27,71.21,12.63,moderate
377.97,14.07,55.71,8.5,low
343.6,12.49,76.36,12.37,moderate
343.76,30.63,34.12,17.95,moderate
354.96,17.14,70.97,14.52,moderate
404.71,12.86,66.54,9.99,low
343.55,16.92,88.11,11.09,moderate
330.15,1.78,90.36,24.94,high
467.91,39.89,107.78,23.9,high
410.55,11.41,55.63,4.4,normal
386.8,13.23,48.37,4.39,normal
461.22,0.92,116.72,20.6,high
406.11,14.95,36.44,9.24,low
352.99,28.71,33.4,12.18,moderate
382.63,15.81,35.92,4.56,normal
351.36,34.36,48.8,14.69,moderate
479.11,1.97,96.61,28.26,high
403.55,11.25,41.56,1.44,normal
393.45,15.92,41.37,3.12,normal
397.82,15.41,32.2,4.05,normal
406.51,12.34,51.88,1.72,normal
348.02,32.72,32.04,10.42,moderate
342.59,10.35,71.58,13.94,moderate
461.9,1.56,101.92,26.33,high
411.81,9.51,55.52,5.99,low
396.86,14.95,41.47,2.74,normal
418.25,8.2,62.95,3.81,low
345.99,18.63,76.39,1.5,moderate
349.26,15.74,87.41,17.47,moderate
295.12,46.44,101.36,27.8,high
419.55,10.77,46.79,4.5,normal
403.26,17.68,50.04,9.34,low
402.83,11.03,36.88,4.74,normal
464.53,0.4,111.87,20.23,high
203.87,39.75,97.82,27.01,high
355.51,34.92,72.97,1.93,moderate
359.73,15.5,76.37,2.06,moderate
476.01,1.62,118.89,22.54,high
345.33,17.28,70.18,1.58,moderate
472.67,35.6,99.72,29.72,high
471.79,39.19,97.12,29.14,high
404.65,14.93,32.91,0.61,normal
393.49,11.74,73.16,19.67,moderate
379.52,8.18,54.53,2.82,low
384.21,11.71,38.47,3.66,normal
390.68,17.16,39.02,9.58,low
290.73,1.23,99.99,23.81,high
473.97,1.55,93.48,24.65,high
388.29,15.61,54.37,7.64,low
351.05,29.11,76.35,1.33,moderate
348.83,10.94,38.44,12.78,moderate
463.04,1.76,98.88,21.87,high
355.23,31.36,45.35,14.87,moderate
234.41,0.62,108.18,27.07,high
413.31,15.6,34.14,6.8,low
377.95,14.58,60.16,2.53,low
460.56,37.39,99.67,27.54,high
245.55,44.49,111.43,22.82,high
390.32,34.83,87.6,19.97,moderate
467.16,45.71,103.97,23.25,high
212.64,39.65,101.93,25.89,high
383.03,10.08,64.73,7.85,low
237.68,47.73,118.98,23.33,high
467.62,38.51,91.77,26.45,high
383.27,34.06,31.7,13.66,moderate
348.05,27.59,70.17,1.17,moderate
399.43,16.2,61.75,7.18,low
405.65,7.47,40.89,2.7,low
472.34,47.82,107.72,23.38,high
255.51,0.19,116.4,24.49,high
350.03,27.1,70.68,1.99,moderate
471.31,35.52,97.38,25.86,high
412.27,14.13,38.82,3.95,normal
467.71,0.26,106.44,24,high
406.35,17.2,33.05,4.8,normal
395.38,14.84,52.08,1.39,normal
350.97,18.92,81.88,1.28,moderate
403.5,14.32,66.72,1.15,low
232.27,0.21,106.9,22.61,high
352.18,31.31,39.37,3.33,moderate
394.71,11.74,51.29,1.77,normal
340.98,34.49,88.18,4.39,moderate
373.1,14.96,54.47,0.48,low
407.54,11.59,52.11,4.32,normal
463.41,38.56,104.54,24.81,high
348.36,19.44,72.91,2.98,moderate
386.65,7.68,60.59,1.93,low
403.44,33.29,83.59,1.12,moderate
416.73,13.16,58.44,1.66,normal
470.85,1.09,105.11,22.76,high
477.07,36.68,105.67,21.19,high
283.85,44.15,119.92,26.4,high
464.87,1.57,104.33,25.77,high
342.42,33.88,58.54,2.77,moderate
463.19,0.78,92.46,24.25,high
413.54,15.7,33.38,0.65,normal
397.63,9.98,63.29,2.79,low
416.98,13.78,47.77,1.98,normal
353.67,13.32,59.88,12.73,moderate
351.99,12.91,77.67,0.69,moderate
414.57,13.24,35.91,3.88,normal
352.81,28.86,58.28,11.9,moderate
383.66,16.54,58.01,4.31,normal
382.38,19.76,58.2,4.65,normal
385.28,15.22,47.94,2.45,normal
346.45,18.39,53.47,10.8,moderate
400.23,8.41,43.05,0.12,low
285.1,0.73,96.34,28.87,high
406.94,10.38,58.46,0.72,normal
416.28,15.41,56.29,0.99,normal
390.21,19.7,53.31,3.45,normal
410.25,7.38,49.61,5.67,low
415.81,26.88,86.31,10.38,moderate
382.4,9.8,43.72,2.96,low
332.53,44.63,97.86,29.32,high
388,10.37,54.3,0.4,normal
384.56,14.35,45.92,5.4,low
410.37,14.03,62.72,5.65,low
402.03,15.2,48.58,1.54,normal
337.53,47.24,90.49,26.6,high
384.52,14.05,31.29,9.41,low
342.66,10.07,89.15,3.69,moderate
401.1,28.16,47.05,19.6,moderate
380.99,11.24,30.65,2.9,normal
419.27,13.62,35.36,3.77,normal
249.9,43.48,95.76,28.56,high
391.85,8.35,47.35,7.02,low
383.34,18.65,36.65,4.38,normal
269.13,36.42,99.62,27.57,high
410.29,15.01,46.54,3.67,normal
380.17,15.39,54.05,3,normal
463.34,47.31,94.24,28.98,high
478.89,36.39,117.65,21.6,high
383.67,16.33,45.49,5.83,low
408.65,13.34,66.22,0.24,low
346.98,30.59,72.31,2.62,moderate
467.42,35.35,91.76,29.65,high
401.77,10.13,37.63,3.49,normal
404.21,19.89,48.21,4.66,normal
314.62,37.61,95.81,21.92,high
399.73,18.45,57.23,1.64,normal
342.36,19.61,89.69,1.93,moderate
460.5,48.18,99.34,22.25,high
383.33,14.82,32.35,4.94,normal
347.69,10.73,70.49,14.35,moderate
415.21,30.55,72.45,3.65,moderate
341.6,16.07,71.75,10.4,moderate
352.91,13.86,85.11,2.36,moderate
411.17,11.57,70.98,19.39,moderate
364.02,5.75,58.45,4.34,low
341.97,31.69,78.94,2.08,moderate
382.9,19.71,73.28,17.14,moderate
371.12,10.4,65.33,4.3,low
331.23,44.19,99.94,21.53,high
414.17,15.82,34.55,4.53,normal
364.08,19.47,62.32,2.94,low
386.77,26.42,34.77,13.72,moderate
255.45,0.98,111.39,21.07,high
342.8,29.48,87.82,1.95,moderate
367.16,8.06,48.76,2.44,low
344.74,30.03,57.06,19.64,moderate
466.31,41.58,105.66,20.09,high
415.32,10.78,51.63,1.21,normal
342.46,25.8,43.83,2.29,moderate
403.33,15.8,47.53,1.45,normal
473.24,1.73,112.17,25.05,high
466.05,42.04,112.07,28.05,high
474.7,41.07,98.54,26.8,high
393.81,12.11,48.64,1.51,normal
400.57,12.02,67.62,8.98,low
269.36,1.34,99.59,20.52,high
345.67,15.56,71.76,13.49,moderate
369.85,10.44,49.52,7.64,low
419.23,12.99,44.41,2.68,normal
355.33,31.41,52.45,12.18,moderate
479.12,1.86,94.66,24.19,high
356.67,30.8,41.58,10.82,moderate
415.1,12.33,38.41,0.97,normal
268.23,48.16,102.42,28.05,high
417.38,19.41,48.32,3.7,normal
406.61,5.74,48.27,6.82,low
282.27,1.11,114.29,26.05,high
348.45,17.71,59.67,15.2,moderate
386.74,15.75,66.27,4.6,low
463.9,40.81,97.14,20.26,high
278.77,1.11,117.77,28.34,high
340.59,33.3,40.24,17.35,moderate
379.82,9.33,40.63,1.42,low
464.9,1.8,112.16,28.16,high
342.41,13.83,83.34,18.97,moderate
313.38,41.51,94.15,27.71,high
399.2,11.76,32.62,1.48,normal
401.64,13.57,39.47,4.87,normal
355.26,29.14,44.97,17.54,moderate
393.14,9.27,64.76,4.92,low
406.02,11.8,68.85,3.72,low
414.16,17.28,48.62,2.62,normal
381.72,11.62,48.64,3.63,normal
394.73,18.03,51.8,0.89,normal
342.83,10.73,45.55,18.78,moderate
397.92,17.75,62.34,1.02,low
383.86,7.45,59.04,6.85,low
403.14,25.73,41.41,18.59,moderate
364.02,15.68,32.44,2.55,low
382.55,7.86,48.7,0.18,low
349.53,17.91,36.11,12.24,moderate
341.62,28.37,50.33,17.36,moderate
343.81,14.1,74.47,12.29,moderate
405.77,14.01,30.48,2.2,normal
388.28,16.26,58.98,1.08,normal
414.29,30.16,87.93,0.67,moderate
366.92,17.43,30.61,5.57,low
413.75,15.69,62.02,2.61,low
388.48,16.51,34.37,3.76,normal
356.11,18.41,82.34,19.2,moderate
415.5,32.77,72.74,2.88,moderate
373.45,14.26,54.95,6.84,low
392.96,15.51,37.91,1.12,normal
360.93,8.72,48.09,1.94,low
384.65,14.02,53.78,0.63,normal
400.73,26.57,46.88,13.36,moderate
355.88,29.17,33.64,15.69,moderate
345.6,27.75,77.01,0.52,moderate
361.25,13.93,66.16,1.42,low
411,13.72,53.93,4.89,normal
401.65,11.44,39.31,3.97,normal
358.16,10.32,71.42,0.35,moderate
347.54,13.32,36.91,13.36,moderate
382.73,16.83,56.6,1.23,normal
401.46,15.2,36.78,1.28,normal
351.24,27.09,49.3,10.4,moderate
468.28,1.27,104.22,26.45,high
404.28,14.7,42.81,0.25,normal
357.89,10.38,84.65,17.43,moderate
217.5,1.24,94.87,24.9,high
375.55,5.59,54.73,1.68,low
384.55,11.08,62.59,2.36,low
384.83,25.73,45.02,18.16,moderate
383.93,32.86,47.47,12.1,moderate
347.34,25.44,57.06,1.76,moderate
382.75,13.37,41.04,4.75,normal
418.07,6.62,48.19,6.77,low
399.68,7.23,43.28,5.25,low
401.18,32.24,84.24,2.13,moderate
373.78,12.63,59.85,9.16,low
418.47,11.85,57.37,1.73,normal
399.01,15.69,66.98,7.71,low
395.76,12.37,37.18,3.31,normal
369.5,14.78,54.74,4.83,low
398.62,13.74,59.56,0.54,normal
316.26,45.73,94.41,20.74,high
412.09,30.52,76.06,2.39,moderate
357.66,11.61,70.71,12.26,moderate
411.94,32.15,36.07,17.15,moderate
357.05,30.54,77.58,3.83,moderate
400.75,18.04,46.16,1.26,normal
362.08,18.55,61.89,0.67,low
418.84,16.34,33.19,8.2,low
355.92,27.48,73.55,2.63,moderate
463.31,0.43,116.27,21.84,high
404.04,10.73,36.96,0.9,normal
408.85,13.28,89.78,14.01,moderate
392.81,12.9,51.62,1.19,normal
407.22,12.7,89.64,11.2,moderate
345.36,16.09,81,17.01,moderate
383.69,16.88,46.59,0.57,normal
385.85,14.42,55.22,0.06,normal
343.39,33.47,38.06,12.88,moderate
350.01,14.24,70.96,19.46,moderate
368.36,19.79,32.61,6.54,low
407.62,13.48,47.65,4.9,normal
380.41,17.78,33.43,1.45,normal
372.05,12.41,61.51,1.43,low
351.03,14.75,87.17,2.51,moderate
393.91,17.75,50.68,1.19,normal
474.78,1.54,118.39,26.65,high
280.39,38.81,113.95,26.67,high
407.38,13.81,68.52,9.62,low
391.03,28.68,74.43,10.44,moderate
342.91,34.5,72.06,3.2,moderate
418.12,19.75,51.24,8.52,low
414.23,28.96,86.86,11.44,moderate
374.45,16.91,50.65,8.74,low
413.35,5.18,35.03,2.02,low
466.16,41.41,98.1,25.06,high
344.94,17.14,80.07,3.98,moderate
469.08,35.58,97.48,20.26,high
402.28,19.85,50.73,4.18,normal
307.24,42.61,100.66,22.18,high
402.12,5.99,37.21,9.96,low
471.89,36.24,102.4,20.12,high
267.57,48.61,105.68,25.33,high
310.02,45.71,98.87,26.46,high
350.06,32.25,80.56,2.28,moderate
294.76,0.25,115.12,25.16,high
404.33,25.32,84.96,1.22,moderate
418.78,6.23,45.09,4.9,low
416.4,17.94,30.09,1.48,normal
244.47,0.66,96.29,28.41,high
408.02,10.14,43.14,3.09,normal
390.23,14.01,46.35,8.42,low
400.29,11.35,44.47,1.84,normal
311.39,0.11,118.13,28.11,high
390.1,12.05,41.35,4.14,normal
366.92,17.52,52.59,8.14,low
397.76,14.72,36.47,2.62,normal
352.94,16.75,72.26,10.09,moderate
361.03,16.3,35.88,3.9,low
412.4,13.93,32.6,2.04,normal
361.36,5.92,38.24,3.63,low
385.46,10.75,57.78,3.15,normal
402.21,17.23,38.08,0.15,normal
381.39,12.8,54.22,0.98,normal
201.02,48.76,109.26,21.64,high
397.96,11.76,39.36,3.25,normal
464.24,1.47,98.58,22.22,high
414.31,12.22,44.95,3.91,normal
396.72,25.13,83.39,11.88,moderate
371.21,15.08,60.67,2.5,low
364.59,13.02,46.11,3.88,low
375.01,10.3,34.34,0.53,low
404.73,13.34,47.79,2.51,normal
471.24,0.02,118.09,21.05,high
277.71,1.58,115.57,20.14,high
235.95,0.25,96.99,28.46,high
419.27,16.8,45.43,4.51,normal
352.94,10.49,73.43,10.37,moderate
406.25,18.98,48.9,3.32,normal
384.73,13.29,41.38,2.12,normal
380.26,9.04,48.83,9.32,low
474.81,0.74,101.64,27,high
394.03,12.6,32.18,2.48,normal
417.64,15.27,38.49,1.62,normal
343.53,16.99,52.45,13.86,moderate
400.25,17.73,44.99,4.61,normal
462.05,0.58,104.02,25.91,high
391.86,16.79,34.23,8.17,low
478.6,40,116.58,27.05,high
405.43,26.4,53.64,15.82,moderate
342.89,13.34,77.64,17.54,moderate
400.97,14.44,58.54,9.87,low
341.2,34.54,47.05,0.6,moderate
356.12,31.78,44.23,10.44,moderate
390.3,10,43.7,1.08,normal
415.09,7.84,33.42,4.77,low
388.42,14.98,70.09,13.91,moderate
340.48,33.2,33.13,3.03,moderate
407.64,11.19,38.75,1.53,normal
405,28.43,58.24,18.74,moderate
387.37,13.42,35.93,4.75,normal
381.76,18.69,51.05,3,normal
354.71,17.86,75.72,2.98,moderate
409.74,19.39,75.02,10.83,moderate
418.61,14.32,39.94,2.9,normal
406.11,13.31,38.96,4.5,normal
341.49,14.77,70.92,10.95,moderate
348.43,34,74.08,2.82,moderate
401.74,12.49,48.91,3.13,normal
383.33,16.76,40.64,2.69,normal
311.31,1.83,105.73,21.28,high
466.99,49.18,107.35,27.34,high
475.95,42.91,117.68,25.05,high
407.62,13.99,53.32,4.3,normal
386.32,18.49,44.51,8.11,low
412.09,17.7,43.43,4.38,normal
351.08,10.21,87.93,4.03,moderate
471.44,0.34,97.29,27.11,high
404.16,14.06,31.22,3.14,normal
461.63,35.37,107.18,21.32,high
381.63,14.09,36.47,9.26,low
348.82,33.6,85.39,0.34,moderate
463.67,37.75,115.02,25.88,high
390.54,19.35,35.78,2.83,normal
415.4,15.55,30.82,2.89,normal
246.57,44.88,100.57,24.56,high
462.74,43.93,117.79,23.23,high
362.23,11.03,30.05,3.52,low
409.86,16.8,51.04,1.6,normal
409.97,28.4,75.74,3.08,moderate
460.37,0.61,114.76,26.59,high
469.99,47.92,115.06,20.21,high
221.44,38.73,119.98,29.51,high
401.73,11.3,32.44,9.19,low
416.06,17.4,75.01,16.38,moderate
375.39,16.53,60.85,4.56,low
403.79,33.25,45.13,18.58,moderate
394.88,33.36,80.01,4.62,moderate
263.58,35.01,108.77,24.26,high
407.22,8.67,58.61,4.84,low
387.49,12.1,57.41,1.98,normal
255.08,49.93,108.64,24.31,high
386.17,17.7,48.33,1.63,normal
342.65,28.57,32.88,4.8,moderate
368.57,8.42,33.4,2.15,low
385.97,6.78,51.11,0.16,low
387.7,10.32,61.62,4.51,low
381.2,18.74,37.55,1.02,normal
359.04,33.24,35.07,10.88,moderate
467.23,47.18,116.63,25.8,high
392.59,19.2,34.06,2.54,normal
385.83,16.71,50.37,1.33,normal
384.58,18.06,58.86,0.33,normal
419.62,9.1,68.52,2.58,low
361.18,11.42,55.29,4.71,low
391.66,11,52.39,4.61,normal
359.44,10.29,52.52,11.82,moderate
415.54,13.93,61.52,5.96,low
380.2,14.97,35.5,4.79,normal
395.4,17.77,54.2,4.08,normal
315.88,1.57,90.05,29.96,high
404.46,11.83,51.72,3.19,normal
407.45,9.38,30.95,4.1,low
360.32,10.69,31.8,7.74,low
416.75,14.67,39.34,9.55,low
468.87,1.78,101.65,20.24,high
398.97,14.31,58.92,2.14,normal
346.87,31.02,44.54,14.1,moderate
414.37,12.29,40.16,3.54,normal
473.17,35.12,100.55,25.5,high
385.42,10.48,45.83,0.06,normal
417.43,13.89,46.04,2.04,normal
373.26,14.14,60.83,1.51,low
346.95,15.15,57.18,12.9,moderate
364.76,18.06,38.21,8.64,low
368.5,13.82,53.62,0.41,low
370.19,18.44,47.26,8.44,low
397.17,15.05,40.02,3.75,normal
403.41,5.8,43.86,2.35,low
417.28,25.53,72.46,19.74,moderate
473.23,43.93,106.25,24.49,high
393.28,15.71,35.32,5.68,low
355.91,25.08,43.24,15.43,moderate
400.1,11.4,52.43,1.2,normal
383.5,7.88,69.52,1.66,low
416.07,11.83,43.88,8.27,low
274.96,0.05,97.94,28.14,high
323.63,1.38,112.22,27.25,high
363.77,14.42,32.16,4.53,low
355.98,32.21,54.01,14.17,moderate
364.26,17.75,63.23,0.77,low
380.6,25.77,44.01,16.26,moderate
356.34,27.55,38.75,1.32,moderate
371.77,15.09,55.47,7.25,low
410.13,18.42,33.89,0.91,normal
385.41,5.77,44.01,2.06,low
479.01,39.55,114.93,29.56,high
415.38,30.15,77.2,10.33,moderate
382.65,28.02,34.59,10.75,moderate
266.54,45.14,109.7,21.56,high
384.93,25.05,88.63,13.96,moderate
208.73,0.4,102.08,22.02,high
419.45,10.84,31.95,4.16,normal
411.52,18,60.73,3.82,low
416.14,11.98,62.35,6.86,low
415.05,12.98,64.09,4.03,low
412.98,7.64,40.8,5.51,low
350.07,29.73,55.13,4.28,moderate
417.62,16.15,46.45,4.9,normal
320.7,44.33,99.65,22.51,high
391.31,15.25,56.4,1.78,normal
412.62,17.54,46.79,3.52,normal
244.76,38.68,96.01,26.93,high
409.63,19.68,46.42,3.13,normal
357.42,10.21,31.71,13.47,moderate
377.53,10.85,69.23,1.25,low
462.19,1.25,91.08,26.55,high
470.12,38.82,105.88,28.53,high
263.87,38.52,99.95,23.83,high
402.54,12.88,34.34,2.29,normal
471.88,1.66,107.2,22.71,high
275.94,0.68,93.6,27.46,high
359.66,13.38,71.58,15.68,moderate
300.42,1.61,102.6,22.91,high
368.73,15.86,60.95,0.54,low
398.64,11.21,33.18,4.31,normal
416.25,10.07,31.86,4.47,normal
394.39,13.67,51.32,0.15,normal
411.22,26.53,45.14,17.05,moderate
342.07,31.52,56.01,18.77,moderate
411.41,6.37,68.99,2.56,low
465.63,41.44,93.65,24.82,high
372.82,15.98,59.6,0.74,low
348.5,26.29,76.45,0.67,moderate
468.64,39.88,101.37,27.75,high
382.83,17.25,55.72,3.8,normal
357.72,26.68,39.43,2.44,moderate
403.2,30.16,79.96,14.75,moderate
388.12,31.5,84.88,16.27,moderate
409.17,5.07,39.79,0.83,low
376.92,15.91,50.33,2.86,low
391.58,19,60.65,8.98,low
352.89,28.66,54.27,0.12,moderate
414.89,10.81,43.04,9.07,low
358.35,19.86,84.85,18.22,moderate
413.57,10.58,55.34,2.91,normal
357.41,31.88,57.73,19.98,moderate
218.39,0.12,116.15,26.06,high
399.01,15.81,62.51,0.55,low
344.53,13.87,75.75,12.33,moderate
381.12,18.88,69.72,2.07,low
391.3,10.4,54.98,1.95,normal
343.15,34.68,55.86,11.7,moderate
477.03,41.61,99.66,23.51,high
302.23,44,110.24,25.99,high
392.28,7.94,41.08,1.25,low
302.61,0.06,93.53,21.84,high
463.42,0.15,104.64,28.99,high
390.2,13.25,36.73,4.25,normal
368.86,8.78,31.63,4.58,low
391.74,27.14,45.31,16.21,moderate
416.79,18.24,81.29,18.88,moderate
368.3,14.99,32.62,8.27,low
415.39,17.65,75.77,19.6,moderate
269.82,47.51,98.7,25.42,high
397.74,14.76,53.58,6.82,low
392.17,9.15,38.07,1.44,low
362.36,15.47,36.92,9.28,low
405.96,8.28,65.24,0.74,low
359.25,11.79,46.43,12.93,moderate
388.59,11.76,30.62,1.77,normal
386.4,11.42,49.55,3.76,normal
346.36,31.36,78.54,2.31,moderate
418.21,15.22,48.92,0.88,normal
255.38,48.66,93.2,22.79,high
351.08,32.85,76.63,1,moderate
389.67,17.84,35.17,3.01,normal
340.51,13.32,30.65,19.45,moderate
354.7,33.54,84.77,4.57,moderate
469.58,49.57,118.6,21.9,high
475.34,1.33,113.33,26.43,high
408.51,12.09,51.86,8.66,low
384.1,34.87,83.23,4.9,moderate
372.66,12.17,30.7,0.51,low
461.15,35.35,93.01,25.01,high
410.51,28.47,38.5,11.39,moderate
395.07,11.14,64.04,4.48,low
237.05,47.37,105.87,28.73,high
414.7,19.28,33.83,2.17,normal
347.15,19.12,73.55,18.46,moderate
353.97,32.84,85.96,3.34,moderate
400.37,10.36,34.79,3.34,normal
418.42,15.16,64.35,4.27,low
394.99,16.35,55.76,3.35,normal
404.26,29.03,73.67,18.17,moderate
343.08,19.91,35.37,13.4,moderate
415.64,8.11,52.82,5.91,low
406.96,11.79,41.41,2.73,normal
386.54,9.23,46.24,3.51,low
416.57,10.82,46.35,4.77,normal
229.48,0.96,113.67,20.84,high
384.42,14.44,31.24,0.94,normal
303.63,1.05,98.91,22.21,high
416.07,5.7,60.67,1.08,low
353.36,26.39,70.3,3.01,moderate
401.31,15.28,31.66,1.24,normal
406.71,16.7,55.86,3.52,normal
403.03,9.16,64.2,1.18,low
357.76,31.62,59.33,13.09,moderate
469.92,37.78,118.2,27.61,high
414.63,9.77,44.41,6.34,low
389.74,19.13,35.49,3.07,normal
362.69,10.71,32.18,4.5,low
348.51,14.62,70.12,1.83,moderate
356.47,19.59,79.93,10.67,moderate
384.88,11.7,57.09,3.1,normal
417.8,10.76,38.43,0.5,normal
324.47,41.83,102.12,20.34,high
393.16,5.81,34.02,6.1,low
465.77,35.47,114.92,21.52,high
398.72,14.78,61.63,0.44,low
362.01,9.22,34.9,2.99,low
317.35,0.09,101.51,20.22,high
376.12,16.46,64.02,2.42,low
462.76,0.36,99.68,28.8,high
407.2,14.15,36.19,2.64,normal
398.31,18.15,56.86,3.74,normal
414.69,18.98,55.66,1.86,normal
398.03,11.7,39.74,1.97,normal
473.54,47.41,119.9,20.57,high
399.1,14.55,46.49,2.6,normal
414.08,18.51,69.45,7.58,low
402.88,17.88,55.54,0.17,normal
397.72,10.78,33.77,2.47,normal
340.32,26.95,82.28,4.54,moderate
476.35,0.86,113.71,21.99,high
419.06,18.35,69.15,2.69,low
390.08,16.24,63.57,7.27,low
353,18.59,77.07,1.33,moderate
398.37,11.25,30.18,2.42,normal
407.2,13.23,33.56,2.31,normal
370.71,12.37,50.26,7.24,low
413.14,11.98,50.52,3.49,normal
413.92,16.25,32.19,1.81,normal
390.27,19.08,36.33,4.32,normal
355.13,12.64,39.03,13.66,moderate
475.13,0.24,102.13,24.35,high
473.3,36.39,92.51,27.25,high
279.45,0.36,107.12,23.24,high
299.13,1.37,90.63,26.88,high
398.15,8.3,46.5,1.97,low
352.58,14.28,72.62,3.82,moderate
366.43,16.27,50.53,1.57,low
387.89,10.13,76.53,10.18,moderate
416.47,26.19,73.45,17.33,moderate
359.52,17.8,87.05,3.24,moderate
381.87,32.2,78.19,0.17,moderate
411.43,16.25,47.78,0.01,normal
375.24,8.83,53.14,2.53,low
472.55,0.85,102.56,21.49,high
416.57,17.15,40.9,5.02,low
210.44,1.21,99.8,26.1,high
351.27,32.59,33.14,14.45,moderate
356.93,25.21,86.37,2.22,moderate
387.45,19.58,44.62,4.93,normal
358.06,27.75,84.11,2.89,moderate
389.23,18.17,38.91,1.02,normal
388.5,11.59,36.35,3.96,normal
416.28,12.36,43.16,0.74,normal
351.57,17.81,76.28,3.46,moderate
472.08,1.92,93.84,24.91,high
347.74,13.36,34.67,14.73,moderate
474.87,46.74,105.85,24.17,high
418.08,6.44,62.78,3.94,low
377.44,17.9,38.6,5.39,low
464.77,0.22,94.99,20.99,high
321.53,0.46,100.32,25.17,high
342.21,13.63,59.5,16.58,moderate
406.93,9.3,61.38,0.97,low
417.83,6.14,59.41,2.18,low
381.48,11.82,41.54,4.84,normal
384.99,16.9,55.89,3.19,normal
387.83,17.46,83.43,14.85,moderate
388.84,31.31,85.78,1.26,moderate
270.06,1.18,101.25,26.01,high
412.62,13.9,48.4,5.84,low
411.46,13.9,53.02,1.04,normal
409.02,34.59,43.48,17.96,moderate
465.37,0.84,91.86,24.1,high
363,5.04,32.32,3.31,low
261.73,35.19,105.58,28.94,high
385.64,19.12,51.03,4.69,normal
390.22,19.43,48.84,1.8,normal
387.88,12.25,69.82,1.58,low
388.06,18.02,47.35,4.83,normal
474.26,43.87,106.16,23.45,high
461.59,39.94,91.04,24.42,high
358.42,33.53,57.3,18.36,moderate
470.38,36.86,107.86,22.69,high
474.87,49.36,116.62,23.41,high
416.93,7.13,68.9,1.66,low
415.91,16.03,32.09,1.26,normal
388.28,6.41,40.84,6.92,low
415.59,17.57,68.45,3.55,low
412.96,12.88,67.29,1.63,low
396.36,8.43,48.67,1.03,low
354.88,32.77,89.24,4.09,moderate
365.09,17.36,67.79,2.54,low
411.28,34.73,86.46,12.35,moderate
263.18,35.87,109.93,29.16,high
354.57,31.52,77.98,2.64,moderate
257.77,1.63,111.58,25.41,high
368.64,17.9,34.7,5.24,low
271.06,46.82,104.76,27.22,high
386.47,16.42,51.36,4.33,normal
398.08,17.55,57.57,8.57,low
340.93,33.86,88.69,3.48,moderate
342.9,30.55,87.86,0.29,moderate
340.65,25.61,81.3,3.71,moderate
369.39,10.27,51.24,8.06,low
343.67,31.28,50.33,15.66,moderate
374.84,15.77,55.49,2.97,low
416.78,10.4,31.76,2.56,normal
388.56,18.08,37.23,7.88,low
358.01,27.43,75.36,4.43,moderate
341.4,15.17,74.82,15.27,moderate
391.77,14.13,40.54,1.88,normal
365.74,10.99,43.25,1.95,low
406.1,14.97,80.59,17.32,moderate
239.02,43.28,118.13,29.45,high
376.91,18.29,36.72,6.34,low
462.98,1.33,109.62,21.31,high
413.47,18.26,46.39,1.93,normal
386.44,12.18,35.17,4.3,normal
461.22,46.01,107.66,27.92,high
381.56,18.55,39.24,3.79,normal
391.22,12.4,37.6,4.46,normal
315.93,35.47,105.51,20.2,high
399.86,7.31,67.07,2.57,low
391.78,16.23,75.64,17.36,moderate
409.67,27.47,55.93,17.51,moderate
368.77,11.56,34.18,1.37,low
404.75,15.04,57.37,1.59,normal
464.49,41.28,96.96,21.6,high
359.41,19.49,77.86,14.1,moderate
413.11,17.29,55.57,1.1,normal
407.91,13.55,60.68,0.86,low
401.93,12.7,30.02,0.08,normal
239.43,0.02,101.22,23.97,high
357.9,31.83,75.26,0.28,moderate
221.45,44.68,92.91,26.39,high
245.44,46.97,117.45,21.76,high
400.82,33.41,82.92,1.97,moderate
372.18,5.27,38.1,0.04,low
342.9,19.87,76.27,1.1,moderate
388.46,28.13,34.73,17.33,moderate
371.25,12.19,49.04,5.86,low
472.74,1.56,104.76,22.41,high
416.24,15.46,79.25,12.01,moderate
213.92,44.05,113.59,24.59,high
473.08,1.99,119.85,25.75,high
364.26,17.29,43.05,8.46,low
406.77,5.11,57.78,4.5,low
390.04,10.37,38.47,4.29,normal
358.42,26.19,72.64,3.44,moderate
384.55,18.56,59.23,3.95,normal
460.33,43.24,111.63,29.34,high
391.86,25.4,74.27,19.1,moderate
404.79,11.68,41.2,7.23,low
349.14,32.72,81.08,1.7,moderate
385.8,27.4,43.92,15.76,moderate
402.13,10.15,44.02,3.49,normal
405.71,19.32,48.19,3.21,normal
476.54,48.04,101.1,27.8,high
398.31,19.99,52.95,4.77,normal
405,27.25,87.48,3.23,moderate
292.82,0.97,109.57,21.88,high
351.32,19.67,42.85,18.48,moderate
318.34,0.93,93.72,20.56,high
350.29,17.3,85.04,3.33,moderate
402.23,8,40.94,6.27,low
345.73,13.15,34.84,13.6,moderate
465.13,41.56,94.5,28.39,high
405.36,28.72,55.68,11.88,moderate
261.49,39.79,104.72,20.83,high
470.97,44.7,104.82,29.07,high
341.23,32.43,41.99,10.8,moderate
414.79,29.27,81.61,3.31,moderate
398.01,19.37,48.17,3.83,normal
260.54,0.36,118.21,20.32,high
400.54,13.53,32.33,4.32,normal
345.32,11.35,34.53,10.79,moderate
385.15,15.88,53.84,4.13,normal
389.11,12.87,67.69,4.8,low
385.16,19.18,81.19,14.76,moderate
359.58,13.51,73.36,4.87,moderate
237.29,0.65,101.37,26.37,high
410.03,16.68,61.72,7.95,low
271.09,1.9,111.74,23.79,high
381.85,31.39,85.37,3.97,moderate
353.49,34.85,33.09,17.75,moderate
348.34,34.1,47.41,15.15,moderate
375.93,12.7,39.23,0.9,low
462.99,1.58,110.53,22.31,high
282.72,0.52,95.69,28.39,high
417.17,6.24,49.61,8.02,low
414.17,8.2,40.43,4.56,low
404.56,7.07,61.52,1.35,low
473.74,44.48,99.95,28.88,high
416.05,30.28,40.53,18.29,moderate
382.83,15.12,58.37,2.73,normal
342.36,31.49,85.65,0.25,moderate
285.88,49.51,107.88,24.3,high
399.79,12.41,57.51,0.83,normal
392.63,15.22,49.95,0.74,normal
394.11,9.16,47.59,9.7,low
398.57,5.73,55.09,2.59,low
383.12,11.13,52.33,0.24,normal
365.95,10.6,60.88,0.58,low
399.88,18.51,54.61,0.03,normal
410.13,29.81,85.86,4.38,moderate
384.55,11.75,46.81,4.22,normal
405.92,31.59,88.23,19.4,moderate
417.33,13.83,55.63,3.09,normal
334.7,49.72,97.39,25.57,high
332.3,40.05,92.53,23.7,high
411.37,34.63,74.93,13.24,moderate
311.69,1.96,96.43,21.02,high
230.99,47.92,90.74,25.04,high
371.1,19.55,53.12,1.4,low
377.02,18.65,61.02,1.75,low
362.06,19.12,54.75,2.59,low
341.41,17.24,74.95,10.3,moderate
347.53,30.35,79.76,1.32,moderate
381.01,25.75,85.2,1.56,moderate
410.81,14.66,51.21,1.51,normal
393.45,17.02,40.21,3.05,normal
411.34,16.91,44.42,3.5,normal
400.88,26.02,50.64,10.89,moderate
383.12,19.13,51.55,1.21,normal
388.17,13.62,48.8,3.54,normal
229.65,47.85,92.83,20.05,high
303.51,0.23,99.7,28.85,high
415.69,10.75,53.13,4.2,normal
403.6,17.32,64.02,8.83,low
407.99,18.15,57.44,2.55,normal
380.02,15.65,54.73,2.3,normal
291.46,35.84,103.44,26.92,high
355.35,13.74,71.42,2.9,moderate
412.68,16.4,38.32,0.49,normal
388.46,17.89,51.04,4.52,normal
380.18,13.2,62.09,1.21,low
474.39,49.99,111.19,21.49,high
203.49,36.65,97.93,28.49,high
377.11,8.15,45.13,0.69,low
402.84,6.43,46.1,4.54,low
461.29,36.95,109.7,26.98,high
377.22,11.16,45.5,0.29,low
340.51,13.56,89.97,10.01,moderate
353.56,12.98,70.93,18.79,moderate
355.27,26.54,32.57,10.6,moderate
411.99,12.75,32.82,5.67,low
382.79,18.38,51.66,5.6,low
235.89,38.64,92.79,20.11,high
389.53,10.01,57.29,5.27,low
396.92,17.54,54.8,4.82,normal
389.9,18.97,38.37,2.08,normal
387.88,32.34,32.01,19.56,moderate
350.57,10.22,82.76,0.99,moderate
474.87,47.56,94.8,22.13,high
384.71,17.47,62.92,3.1,low
387.62,25.71,82.92,16.7,moderate
395.85,16.87,45.01,1.73,normal
380.7,10.98,57.58,4.05,normal
384.63,7.97,51.03,7.14,low
388.49,8.29,66.36,3.95,low
473.47,47.89,93.37,21.83,high
399.74,8.57,38.11,2.69,low
351.2,14.54,86.9,15.42,moderate
412.39,6.28,62.45,1.65,low
386.66,17.01,56.28,0.62,normal
361.07,13.45,47.93,3.61,low
247.44,1.78,113.52,28.95,high
390.65,19.39,30.8,0.09,normal
384.52,18.41,32.33,2.14,normal
415.52,7.28,67.81,1.72,low
359.93,19.55,88.55,4.48,moderate
407.41,16.38,38.24,1.56,normal
305.96,45.75,91.68,27.01,high
385.75,6.98,49.53,0.87,low
349.7,10.82,86.56,10.21,moderate
410.96,30.02,57.08,15.06,moderate
382.43,10.97,42.09,1.98,normal
415.27,16.74,57.25,0.31,normal
395.22,11.54,35.41,3.49,normal
460.21,47.06,111.36,22.47,high
359.83,27.13,74.75,0.47,moderate
471,37,93.03,28.21,high
407.78,14.65,61.37,3.18,low
398.89,18.87,51.19,5.78,low
355.78,13.86,73.89,3.63,moderate
463.04,38.49,94.16,28.67,high
408.08,14.68,67.18,1.91,low
382.46,9.75,44.36,4.3,low
414.07,30.62,73.95,3.46,moderate
398.33,7.27,68.47,3.17,low
405.18,11.53,88.75,12.79,moderate
330.15,0.08,93.29,25.35,high
465.21,1.72,118.46,21.28,high
464.78,0.32,115.05,27.38,high
415.82,16.06,30.44,0.95,normal
411.06,17.3,58.21,4.67,normal
397.86,5.38,66.62,1.73,low
337.89,0.06,107.98,20.09,high
275.33,1.97,111.17,20.41,high
395.53,12.84,52.99,1.93,normal
393.42,7.36,34.32,4.69,low
281.98,0.1,99.17,26.71,high
388.32,17.9,46.79,2.83,normal
461.34,43.34,111.21,22.82,high
380.65,15.92,56.76,2.05,normal
417.29,28.93,74.38,18.62,moderate
347.44,16.71,77.27,4.69,moderate
284.16,41.76,99.55,28.11,high
476.08,1.44,99.14,23.19,high
347.91,17.14,72.33,12.97,moderate
384.94,12.62,32.34,1.51,normal
360.32,16.6,60.59,0.43,low
407.25,19.92,36.73,0.29,normal
412.32,16.59,37.69,2.15,normal
416.55,19.87,83.89,10.57,moderate
415.1,10.34,48.27,4.33,normal
410.08,18.15,58.55,3.17,normal
306.86,46.29,92.29,23.31,high
368.12,15.69,63.23,1.9,low
409.87,12.41,32.99,2.81,normal
378.5,9.14,54.9,4.09,low
212.76,45.69,100.63,22.24,high
412.94,18.8,63.74,4.17,low
396.6,18.1,31.69,1.51,normal
345.24,29.62,39.47,10.85,moderate
389.39,28.11,36.58,14.97,moderate
369.78,10.94,48.68,7.63,low
384.69,9.31,54.07,0.68,low
390.64,18.12,71.78,15.61,moderate
410.48,16.58,73.67,18.73,moderate
385.68,12.47,31.31,4.03,normal
222.38,1.36,106.19,24.01,high
402.47,8.6,48.19,0.54,low
416.07,12.84,59.2,2.08,normal
405.21,8.25,53.89,1.58,low
461.41,0.82,107.9,28.99,high
413.05,30.19,47.72,17.5,moderate
399.48,16.37,52.21,0.96,normal
463.3,43.72,116.08,26.82,high
478.37,42.94,90.76,24.18,high
390.9,19.1,31.29,4.85,normal
471.38,48.1,103.05,27.09,high
386.48,18.42,52.52,3.29,normal
355.79,31.8,46.29,4.46,moderate
370.64,9.25,32.54,1.03,low
387.87,5.75,31.97,2.62,low
389.96,29.62,85.26,18.23,moderate
211.19,0.55,95.93,23.26,high
472.97,40.94,106.43,26.2,high
401.95,25.01,75.59,15.41,moderate
355.78,11.68,71.56,12.14,moderate
396.59,13.46,35.23,4.28,normal
419.09,11.98,34.99,6.51,low
462.96,1.85,114.37,25.72,high
412.96,11.4,38.55,2.42,normal
410.35,15.29,40.24,2,normal
395.38,16.54,58.87,1.28,normal
462.33,0.93,102.24,24.51,high
334.1,43.77,98.92,28.8,high
356.9,26.13,86.67,3.67,moderate
393.93,30.44,56.83,17.11,moderate
358.69,27.76,39.08,10.41,moderate
391.59,30.99,82.4,2.79,moderate
346.77,31.53,78.39,3.59,moderate
373.59,15.04,31.42,9.37,low
351.2,17.33,82.37,1.85,moderate
401.24,16.33,31.42,1.06,normal
393.56,13.06,38.45,3.62,normal
343.22,13.04,46.14,17.37,moderate
381.52,11.03,66.35,3.99,low
353,12.87,83.52,15.83,moderate
384.6,27.22,71.73,11.49,moderate
398.56,10.61,63.25,6.09,low
364.41,17.04,41.06,6.52,low
466.3,37.47,109.21,27.05,high
410.2,8.03,41.87,5.9,low
418.75,10.64,42.2,4.49,normal
405.42,14.71,59.74,2.67,normal
305.72,0.44,96.14,27.5,high
461.74,36.91,116.56,28.7,high
413.28,7.88,41.49,7.66,low
466.53,45.03,98.8,26.86,high
367.76,13.04,58.27,5.06,low
416.05,8.94,63.47,3.24,low
394.13,19.72,55.26,0.7,normal
386.03,14.62,32.65,1.67,normal
379.95,15.6,46.35,7.44,low
385.83,15.96,35.68,0.63,normal
382.49,17.11,44,2.2,normal
330.74,40.98,96.62,21,high
414.52,6.61,46.75,2.45,low
417.79,7.44,59.07,1.25,low
417.71,16.94,57.62,1.2,normal
418.12,12.88,39.34,2.58,normal
358.77,27.44,82.28,0.26,moderate
461.02,37.69,105.5,29.06,high
386.19,11.15,46.09,9.79,low
417.01,19.24,81.72,15.81,moderate
473,41.96,117.45,23.29,high
389.83,17.13,57.53,0.33,normal
346.19,18.39,39.45,16.9,moderate
359.29,12.61,77.84,3.34,moderate
461.31,0.14,106.08,26.61,high
309.18,47.42,119.21,26.12,high
350.78,33.89,80.89,2.15,moderate
413.72,18.85,45.26,3.18,normal
473.58,44.97,96.3,25.81,high
316.77,1.23,103.05,28.83,high
383.39,6.84,67.81,1.22,low
399.03,29.37,43.79,16.08,moderate
382.41,10.36,33.68,3.11,normal
403.25,19.82,31.68,9.44,low
382.49,16.75,53.5,1.2,normal
467.49,38.51,90.58,25.81,high
463.67,47.82,107.01,26.56,high
397.68,15.22,37.62,1.38,normal
372.59,11.85,37.95,3.98,low
312.58,49.72,101.74,29.32,high
411.13,13.61,80.13,11.41,moderate
334.65,0.85,116.03,20.55,high
409.7,19.02,35.12,0.85,normal
344.65,31.98,74.49,3.77,moderate
340.67,26.12,50.71,10.5,moderate
396.57,33.25,83.26,19.26,moderate
395.75,14.1,69.73,8.95,low
395.46,33.74,83.69,19.13,moderate
386.59,19.78,55.58,2.41,normal
462.97,1.13,119.87,22.8,high
369.88,17.19,32.16,0.85,low
395.88,28.16,40.73,12,moderate
412.58,15.2,54.67,0.48,normal
382.2,30.81,50.37,15.17,moderate
356.1,10.51,58.74,13.19,moderate
400.8,16.11,44.79,0.35,normal
290.89,36.48,117.2,27.42,high
475.5,0.23,97.43,22.54,high
409.02,18.44,84.34,10.09,moderate
359.25,28.64,72.89,0.41,moderate
380.45,6.93,30.19,3.54,low
410.51,7.91,68.8,1.64,low
382.08,26.6,72.35,3.26,moderate
415.6,18.34,36.79,1.22,normal
389.01,9.85,43.55,4.67,low
401.04,16.54,41.6,2.3,normal
416.3,6.91,35.46,2.8,low
406.77,13.29,55.7,4.27,normal
474.25,1.39,93.68,28.48,high
414.43,11.57,56.84,3.07,normal
411.13,17.9,53.53,4.7,normal
394.95,10.01,73.41,11.75,moderate
407.98,10.73,31.92,2.03,normal
464.45,40.3,113.53,22.37,high
365.88,10.96,61.94,2.71,low
229.41,36.23,117.82,25.22,high
401.25,14.99,67.8,9.5,low
472.14,40.23,97.94,26.38,high
350.37,28.8,89.44,4.94,moderate
391.44,8.14,61.64,3,low
359.97,19.37,82.44,12.46,moderate
463.66,0.72,92.96,26.76,high
210.97,48.04,99.42,23.42,high
373.1,5.02,55.21,4.46,low
370.4,16.29,36.94,1.26,low
466.47,36.88,102.39,27.98,high
357.73,17.1,89.6,4.84,moderate
341.9,10.48,82.32,3.86,moderate
346.69,17.27,82.38,1.45,moderate
350.89,13.4,77.47,1.29,moderate
242.65,1.09,117.62,29.28,high
413.64,28.96,89.95,11.21,moderate
360.84,18.31,57.57,9.51,low
413.86,18.29,60.63,2.53,low
383.06,5.34,54.2,5.78,low
359.19,11.73,74.18,14.64,moderate
246.59,0.82,91.57,22.46,high
324.54,41.09,111.31,26.52,high
262.33,36.94,95.3,29.21,high
301.42,40.37,101.34,27.1,high
416.04,19.73,62.32,9.52,low
470.66,40.47,90.25,26.13,high
419.63,26.97,73.89,12.32,moderate
460.17,45.07,118.92,26.62,high
416.27,16.86,51.23,0.27,normal
340.56,29.49,85.21,0.63,moderate
395.43,25.73,70.7,18.68,moderate
397.44,12.59,34.95,6.28,low
418.01,13,59.73,1.03,normal
406.74,8.73,56.66,4.49,low
208.76,47.62,95.11,26.24,high
414.13,13.03,48.68,2.51,normal
353.46,18.45,75.42,0.71,moderate
405.21,17.09,59.05,4.71,normal
397.15,15.37,40.53,1.44,normal
375.25,13,65.51,3.91,low
461.81,0.54,112.98,26.12,high
391.71,17.27,54.34,2.89,normal
346.01,16.78,70.88,16.8,moderate
412.05,11.38,55.56,3.95,normal
270.41,0.51,91.01,24.46,high
411.27,13.26,44.3,2.93,normal
340.34,15.19,84.65,19.54,moderate
415.53,17.29,56.25,1.88,normal
473.41,40.97,112.61,27.41,high
404.09,18.1,34.63,1.93,normal
463.83,48.7,109.41,21.28,high
398.09,13.5,45.36,7.51,low
398.26,14.37,45.55,1.38,normal
413.71,10.8,76.34,18.66,moderate
404.11,11.39,66.57,2.76,low
395.35,14.53,46.94,2.13,normal
331.43,1.79,115.8,28.55,high
462.32,1.04,111.98,26.89,high
395.58,12.5,31.47,2.22,normal
348.91,30.99,46.29,3.79,moderate
389.54,16.36,49.93,5.54,low
354.39,33.16,82.09,4.02,moderate
397.67,15.57,41,3.42,normal
344.01,26.72,34.39,19.56,moderate
413.34,6.59,36.75,8.08,low
402.98,16.52,68.1,3.84,low
391.01,19.82,69.69,1.94,low
414.34,17.44,64.06,6.39,low
389.62,12.73,35.76,3.07,normal
397.74,13.94,74.51,11.12,moderate
413.54,13.74,56.18,4.39,normal
301.34,40.24,108.06,21.7,high
273.84,0.96,112.93,23.33,high
407,15.22,49.65,4.67,normal
390.33,16.87,61.94,4.68,low
405.41,15.06,57.14,2.07,normal
412.4,12.08,43.04,9.95,low
417.69,12.85,35.51,0.45,normal
392.56,14.66,66.93,7.71,low
399.49,15.9,48.61,1.9,normal
391.86,16.31,41.88,3.57,normal
407.43,15.45,52.43,0.77,normal
398.16,18.75,55.6,0.57,normal
398.2,18.07,53.87,4.44,normal
369.66,17.58,53.67,1.88,low
380.27,17.95,62.59,3.33,low
470.95,49.58,102.05,26.01,high
466.48,1.64,119.19,28.23,high
380.26,16.22,59.83,3.52,normal
387.11,6.03,43.62,7.32,low
467.12,0.89,103.32,29.83,high
340.37,26.48,82.21,2.78,moderate
402.53,14.15,42.25,4.81,normal
402.56,14.37,31.1,4.99,normal
473.76,40.65,99.36,25.15,high
391.67,18.73,40.12,3.91,normal
375.61,15.78,37.72,6.43,low
217.48,1.19,112.91,27.32,high
469.97,42.23,95.89,26.52,high
406.77,5.28,63.47,4.37,low
463.55,0.68,117.08,21.43,high
365.38,19.81,31.04,1.67,low
351.96,10.31,34.8,17.05,moderate
404.24,19.18,63.52,0.15,low
398.75,11.28,35.59,0.16,normal
386.64,27.59,52.77,12.5,moderate
333.29,41.16,94.18,24.53,high
388.54,11.79,86.83,12.76,moderate
342.16,28.46,37.36,0.06,moderate
363.45,11.17,60.89,3.16,low
358.42,25.38,41.38,18.8,moderate
398.68,25.93,73.45,4.07,moderate
398.8,17.91,42.18,3.72,normal
385.46,27.5,71.27,16.16,moderate
404.27,15.35,59.97,4.21,normal
348.86,29.97,85.42,3.71,moderate
349.33,25.1,42.9,19.46,moderate
412.72,30.86,73.16,0.25,moderate
415.2,5.41,66.9,0.44,low
460.55,48.52,109.49,27.35,high
376.93,17.04,44.42,1.05,low
210.31,1.1,108.7,29.88,high
406.4,18.89,59.58,0.77,normal
367.47,16.27,63.27,4,low
419.96,8.16,60.25,4.75,low
415.09,18.29,49.05,1.35,normal
217.2,44.33,96.63,28.85,high
372.63,10.24,66.76,4.31,low
409.31,10.46,63.45,0.92,low
298.33,36.96,96.07,20.34,high
371.53,14.3,42.91,8.67,low
411.57,16.79,80.03,13.36,moderate
367.86,11.35,35.74,4.48,low
462.16,1.41,98.99,25.71,high
414.06,9.09,52,4.79,low
330.42,43.49,102.36,26.88,high
478.74,49.6,104.03,23.66,high
407.44,13.74,40.51,2.91,normal
402.7,17.09,49.83,3.25,normal
463.52,44.23,119.21,21.82,high
394.26,10.59,59.92,4.52,normal
402.3,6.06,39.51,9.26,low
355.42,30.11,82.81,0.45,moderate
219.79,0.8,90.21,26.28,high
467.88,0.8,91.08,21.19,high
388.99,19.81,55.32,5.12,low
412.73,12.37,63.51,1.55,low
417.25,5.89,67.45,1.54,low
408.35,12.18,50.72,1.92,normal
382.17,7.66,60.58,0.53,low
409.02,10.87,37.77,1.86,normal
365.3,19.62,50.41,9.82,low
394.55,16.73,64.34,6.97,low
414.11,9.4,69.54,4.9,low
344.53,33.63,50.17,15.94,moderate
304.46,42.98,91.46,29.62,high
341.7,29.28,44.19,15.89,moderate
356.47,30.62,74.01,4.49,moderate
395.83,14.97,63.03,2.31,low
412.45,8.98,67.71,4.31,low
382.54,17.01,67.82,4,low
389.49,17.85,49.41,3.64,normal
378,11.85,54.85,2.48,low
416.87,10.31,44.58,2.36,normal
346.78,17.98,30.01,13.63,moderate
392.06,15.29,40.75,2.3,normal
473.42,0.67,109.49,23.27,high
384.69,12.24,57.46,6.44,low
354.79,16.84,77.81,4.43,moderate
408.61,18.61,46.73,4.12,normal
278.32,1.65,98.96,28.49,high
346.03,32.53,42.34,2.06,moderate
341.55,30.31,35.92,19.68,moderate
410.47,9.34,43.05,3.79,low
348.68,30.83,44.89,17.01,moderate
472.37,1.9,108.92,20.23,high
342.41,14.09,88.03,13.38,moderate
401.43,28.62,49.49,10.43,moderate
230.05,41.8,112.7,28.29,high
247.06,0.37,115.74,29.06,high
204.87,35.42,112.38,28.37,high
417.38,6.23,37.06,3.86,low
403.75,18.41,58.16,2.08,normal
385.79,31.8,80.29,0.82,moderate
471.78,42.81,101.51,27.09,high
467.71,40.54,97.55,29.97,high
409.08,13.59,44.36,3.97,normal
387.18,10.54,33.19,2.23,normal
351.4,34.84,55.19,4.2,moderate
403.52,11.98,58.78,1.77,normal
387.71,28.85,36.04,16.27,moderate
411.07,13.26,40.48,3.21,normal
407.99,33.03,82.21,1.02,moderate
373.43,5.79,45.72,2.61,low
377.89,17.32,33.25,9.8,low
395.77,13.97,58.03,0.65,normal
460.82,1.68,108.7,27.81,high
387.9,10.01,56.98,4.84,normal
396.77,12.34,68.84,3.57,low
233.18,0.39,102.08,21.07,high
247.82,37.63,111.78,20.53,high
474.79,37.78,95.95,22.81,high
387.56,33.67,78.38,4.71,moderate
410.03,13.23,43.77,3.52,normal
414.1,15.47,46.35,2.28,normal
475.63,0.12,119.07,29.71,high
418.37,17.93,56.46,0.67,normal
397.38,26.36,85.29,1.46,moderate
359.01,27.86,75.72,4.2,moderate
381.33,9.55,37.91,0.37,low
371.72,19.32,57.66,6.89,low
417.42,6.3,58.01,4.36,low
370.84,14.17,37.31,3.66,low
390.71,8.23,68.69,3.77,low
393.21,15.37,48.23,7.69,low
391.07,11.28,65.7,0.52,low
470.59,46.82,91.54,26.36,high
464.08,37.29,109.39,26.28,high
399.96,11.82,76.78,14.64,moderate
356.71,27.2,81.75,2.29,moderate
419.25,17.86,41.91,2.96,normal
370.63,8.87,34.95,4.13,low
358.53,13.71,79.62,3.22,moderate
382.52,15.7,45.54,4.35,normal
473.15,49.68,113.01,25.15,high
401.22,6.29,49.82,7.11,low
226.64,1.48,110.55,27.12,high
387.92,16.73,49.77,1.39,normal
384.12,18.15,39.08,0.28,normal
337.58,45.86,100.73,28.61,high
472.31,36.45,118.93,25.57,high
407.63,8.14,68.25,3,low
418.06,15.85,57.03,3.6,normal
367.89,16.72,50.28,2.83,low
378.99,15.01,54.54,1.5,low
385.37,5.95,52.19,8.26,low
419.24,32.27,89.74,16.25,moderate
404.69,15.67,58.59,4.45,normal
473.67,47.06,109.56,26.27,high
333.76,47.81,100.94,28.89,high
417.04,9.64,66.53,0.32,low
215.87,1.7,103.92,20.47,high
400.67,6.13,46.28,3.72,low
384.36,19.88,40.28,2.65,normal
389.72,26.57,53.6,17.93,moderate
241.99,35.39,106,27.23,high
402.31,19.16,36.93,3.71,normal
360.92,8.24,45.64,0.84,low
396.93,16.92,64.08,3.86,low
346.9,31.71,40.66,15.61,moderate
362.58,18.37,39.41,5.85,low
385.81,18.48,69.45,7.29,low
367.57,18.55,33.88,8.61,low
417.06,5.43,39.46,8.9,low
391.65,14.16,36.93,3.37,normal
467.17,1.31,111.14,20.36,high
406.04,18.26,43.16,3.07,normal
236.19,36.64,94.95,22.2,high
393.78,18.92,67.05,9.73,low
419.51,12.06,54.56,2.94,normal
393.34,14.33,37.91,1.4,normal
398.64,17.06,42.3,0.95,normal
382.05,5.52,65.98,4.46,low
358.09,30.64,89.92,0.31,moderate
388.22,15.56,32.06,2.54,normal
416.01,14.53,45.99,3.26,normal
345.01,29.48,31.83,0.6,moderate
358.78,19.94,38.65,11.04,moderate
401.36,28.05,40.89,18.13,moderate
377.08,14.24,34.81,4.39,low
383.63,16.41,67.57,1.05,low
417.6,9.39,34.88,9.68,low
418.12,14.47,59.43,2.24,normal
401.45,16.14,47.99,1.35,normal
417.21,13.27,32.4,4.61,normal
411.48,15.61,34.83,7.57,low
410.64,10.74,36.81,1.1,normal
372.88,14.83,42.63,1.92,low
206.08,1.28,109.01,28.1,high
369.65,7.78,36.7,3.06,low
412.12,12.06,60.7,3.26,low
274.41,1.87,105.73,22.11,high
344.93,26.49,75.61,3.65,moderate
464.43,45.72,106.44,27.36,high
400.98,11.42,42.12,2.58,normal
414.45,11.53,50.18,1.5,normal
387.51,34.39,78.59,17.38,moderate
352.72,29.75,71.1,1.87,moderate
369.57,17.98,55.59,0.62,low
364.98,10.44,40.73,4.24,low
380.47,29.08,70.62,14.16,moderate
380.22,11.72,57.72,9.71,low
206.45,1.16,108.66,29.03,high
378.97,11.95,67.81,0.06,low
409.19,27.47,88.47,11.55,moderate
388.35,32.7,77.62,4.51,moderate
478.53,0.74,108.78,27.52,high
386.69,17.75,31.92,2.81,normal
390.4,8.95,47.52,8.65,low
394.73,11.78,43.2,3.64,normal
297.99,0.23,100.14,25.67,high
365.03,9,42.92,4.28,low
406.13,6.62,45.08,1.7,low
402.79,18.56,49.01,6.09,low
351.31,26.07,53.96,0.27,moderate
387.37,30.1,38.08,17,moderate
353.71,25.64,87.2,0.77,moderate
395.33,15.67,35.33,3.03,normal
385.62,16.42,59.58,3.03,normal
394.33,15.05,49.69,1.69,normal
471.67,37.25,107.53,22.35,high
363.11,17.74,42.12,4.57,low
416.49,19.62,32.78,7.1,low
386.84,19.69,51.81,3.5,normal
341.8,25.4,86.57,0.52,moderate
385.12,7.72,41.41,6.72,low
346.19,10.37,76.39,12.19,moderate
350.4,19.81,89.47,13.05,moderate
287.62,0.21,90.6,24.57,high
412.55,17.06,65.38,0.32,low
468.38,1.41,101.34,28.51,high
418.44,16.68,44.17,9.92,low
352.88,14.96,80.6,0.48,moderate
349.48,33.27,43.71,1.61,moderate
391.75,12.2,55.46,0.86,normal
399.7,17.18,68.52,4.15,low
365.75,17.44,32.93,0.8,low
396.57,18.33,40.81,2.78,normal
413.98,31.38,85.67,10.54,moderate
470.56,47.33,110.18,20.84,high
409.15,16.93,57.35,1.68,normal
406.34,31.62,70.4,2.71,moderate
400.72,14.17,87.39,18.75,moderate
229.54,0.74,94.16,25.52,high
479.26,47.19,115.37,26.02,high
388.17,13.03,47.4,2.5,normal
465.71,0.49,90.85,29.88,high
387.26,12.74,32.09,1.11,normal
464.65,1.1,91.34,23.19,high
312.57,39.3,111.97,26.11,high
390.43,10.33,50.95,1.22,normal
414.42,14.27,51.28,4.55,normal
368.75,18.4,56.88,0.08,low
466.27,0.56,91.89,27.66,high
403.62,19.95,34.17,3.03,normal
412.94,15.61,65.29,0.91,low
384.38,16.46,35.54,3.52,normal
477.85,35.87,114.24,23.07,high
466.84,42.19,102.11,29.68,high
412.21,13.02,53.62,1.03,normal
369.85,19.76,32.65,3.53,low
387.76,19.54,65.42,2.25,low
402.72,15.53,66.55,2.65,low
350.91,26.47,50.68,2.39,moderate
349.81,33.31,45.96,11.35,moderate
385.07,19.86,35.31,7.2,low
474.18,1.3,106.71,26.85,high
385.8,26.64,70.79,13.83,moderate
349.17,13.28,70.02,3.26,moderate
301.57,1.94,117.15,25.56,high
406.38,26.03,88.89,13.14,moderate
400.2,5.66,42.91,6.13,low
345.03,12.19,89.7,0.26,moderate
417.1,5.38,43.24,0.49,low
380.97,16.37,54.92,2.86,normal
364.35,8.16,45.9,4.5,low
300.48,45.3,113.5,26.09,high
389.54,29.51,89.71,16.82,moderate
372.26,11.39,58.71,3.08,low
343.04,14.85,78.31,2.84,moderate
254.74,44.47,114.45,27.76,high
380.32,25.35,82.33,14.27,moderate
343.83,26.54,59.52,4.03,moderate
345.55,33.12,72.86,1.94,moderate
417.19,18.51,52.38,4.44,normal
391.74,10.22,57.65,1.22,normal
470.71,43.53,110.46,20.97,high
308.96,0.07,109.53,27.33,high
406.03,15.61,60.85,5.61,low
468.72,47.55,108.48,24.6,high
391.8,30.23,71.15,13.58,moderate
390.93,18.46,43.94,2.93,normal
418.8,11.33,42.17,4.64,normal
478.44,0.61,90.84,28.83,high
391.26,12.88,69.08,5.59,low
409.77,6.23,35.73,8.12,low
393.6,30.88,87.4,13.97,moderate
380.38,11.9,45.99,3.21,normal
403.1,8.4,35.44,0.48,low
411.47,30.23,45.51,14.67,moderate
392.58,12.86,39.72,4.54,normal
385.12,32.91,74.77,10.49,moderate
387.78,11.59,38.25,5.24,low
409.34,12.73,64.88,9.83,low
348.37,25.25,76.49,1.24,moderate
390.35,11.33,68.43,2.42,low
350.4,16.28,77.62,10.73,moderate
474.88,1.33,112.52,24.67,high
408.92,15.26,34.99,4.63,normal
390.71,10.32,37.88,1.25,normal
416.15,19.45,35.92,2.06,normal
479.67,42.75,97.09,29.51,high
464.65,47.89,109.38,21.48,high
410.45,5.05,36.82,4.45,low
276.17,48.54,111.65,21.01,high
404.82,16.72,30.05,3.41,normal
407.38,12.49,86.66,15.68,moderate
378.16,18.16,32.74,7.57,low
346.63,16.06,71.49,11.36,moderate
352.42,27.02,86.37,4.15,moderate
348.12,27.74,37.27,14.7,moderate
382.7,16.43,47.18,1,normal
460.33,1.1,107.84,28.77,high
406.13,12.34,43.35,2.02,normal
417.54,10.38,60.4,4,low
263.39,0.9,95.22,27.89,high
390.12,18.31,41.19,1.18,normal
398.16,14.19,76.62,19.04,moderate
394.15,6.09,41.37,8.87,low
364.54,8.67,55.34,2.33,low
386.9,5.48,61.35,3.94,low
380.75,13.71,43.04,4.64,normal
418.08,16.94,39.4,3.69,normal
374.59,12.58,54.27,7.12,low
404.57,19.67,42.38,0.11,normal
397.64,14.04,65.86,8.91,low
407.05,14.59,33.19,4.86,normal
405.42,19.06,59.43,4.77,normal
477.01,39.66,108.76,25,high
471.45,0.29,109.51,29.53,high
385.24,7.3,41.8,2.68,low
382.02,6.83,30.39,6.77,low
362.4,12.9,30.14,8.76,low
397.26,13.96,45.46,4.04,normal
396.87,17.27,45.56,2.8,normal
385.85,29.14,74.86,18.08,moderate
393.69,14.63,56.27,1.61,normal
382.33,13.73,54.9,4.65,normal
413.43,31.54,59.79,18.28,moderate
343.89,16.45,71.15,4.64,moderate
280.98,0.97,114.01,28.63,high
462.03,35.53,110.11,29.76,high
325.99,46.88,111.9,21.63,high
417.26,13.91,48.83,1.36,normal
347.4,26.76,49.23,14.76,moderate
468.05,47.96,101.59,27.66,high
381.63,14.28,34.29,3.01,normal
381.58,10.01,66.64,4.54,low
392.17,12.47,49.83,1.02,normal
358.97,16.56,40.08,16.03,moderate
380.45,14.82,67.72,5.36,low
394.94,13.17,63.78,2.86,low
385.54,14.29,65.52,4.55,low
349.92,34.61,38.23,10.6,moderate
400.27,31.63,78.29,16.09,moderate
393.56,14.05,58.03,6.96,low
389.77,16.29,59.12,1.01,normal
460.5,1.14,118.51,20.37,high
464.75,39.13,90.83,24.19,high
381.86,26.77,88.93,4.9,moderate
413.29,27.05,72.54,11.36,moderate
380.59,12.06,47.99,2.96,normal
402.37,13.2,58.47,4.96,normal
396.71,10.62,39.68,0.73,normal
350.02,31.38,84.36,1.16,moderate
340.46,16.14,55.1,16.68,moderate
341.87,15.61,81.04,12.6,moderate
416.57,27.34,89.73,13.77,moderate
344.08,33.19,35.78,13.48,moderate
311.05,39.58,114.83,27.02,high
393.68,13.81,69.95,2.49,low
351.8,15.73,73.02,0.21,moderate
477.25,1.73,90.01,20.5,high
389.12,18.41,32.02,3.96,normal
467.95,35.37,117.44,22.08,high
407.45,12.29,65.8,1.48,low
317.39,1.6,101.8,26.43,high
386.37,18.19,30.61,0.1,normal
416.76,17.2,31.41,1.75,normal
359.03,29.04,38.91,11.78,moderate
362.44,17.58,69.38,4.07,low
465.24,0.8,90.08,26.86,high
332.76,41.2,110.36,28.41,high
394,11.35,61.61,3.78,low
350.27,14.14,89.79,18.81,moderate
415.61,9.69,47.29,9.76,low
359.77,18.51,87.79,11.7,moderate
469.83,1.78,119.57,25.88,high
264.09,46.37,99.26,20.03,high
354.36,10.32,74.28,16.97,moderate
300.52,40.26,106.54,25.6,high
463.17,1.36,96.87,28.18,high
394.48,15.62,40,2.72,normal
348.6,19.33,74.68,13.37,moderate
403.36,11.86,36.28,1.39,normal
394.25,28.73,84.76,17.2,moderate
349.94,15.1,34.37,14.19,moderate
354.02,30.76,32.2,16.53,moderate
462.68,40.92,117.29,29.29,high
368.53,8.08,30.45,0.06,low
462,39.5,115.38,25.62,high
279.05,0.81,113.68,26.25,high
395.7,5.38,32.48,4.27,low
460.6,1.59,104.4,22.32,high
406.93,26.09,75.2,11.11,moderate
202.74,46.64,106.96,24.05,high
366.98,19.98,38.43,0.86,low
410.61,11.69,37.98,6.77,low
405.12,17.85,56.76,1.02,normal
355.24,26.7,57.06,4.62,moderate
372.68,7.75,43.45,3.92,low
295.86,1.49,91.91,27.01,high
370.75,17.45,63.84,3.7,low
308.32,38.54,101.69,24.3,high
403.3,16.12,40.99,3.51,normal
368.96,7.81,57.89,2.9,low
358.35,26.18,42.91,2.36,moderate
397.75,7.43,63.82,1,low
389.11,19.09,33.49,4.32,normal
386.36,13.49,53.56,0.27,normal
475.09,47.75,119.11,23.95,high
376.7,11.28,63.25,2.41,low
391.4,16.89,37.67,2.23,normal
417.56,15.44,57.2,0.8,normal
308.65,40.85,107.02,24.39,high
355.05,31.25,82.97,0.48,moderate
418.33,9.52,52.06,1.91,low
242.6,1.34,117.66,25.32,high
416.87,18.35,65.51,0.5,low
357.3,16.18,45.83,18.71,moderate
392.58,5.48,58.21,0.93,low
380.9,9.86,59.2,7.17,low
368.42,10.18,64.77,3.67,low
352.93,29.22,80.81,0.01,moderate
388.27,12.68,48.19,1.09,normal
476.91,1.33,92.87,20.24,high
213.66,1.77,99.95,23.69,high
340.76,14.95,51.85,18.93,moderate
462.25,0.13,94.6,23.56,high
302.21,0.2,112.56,27.03,high
380.48,17.96,40.82,3.75,normal
345.1,33.77,58.9,15.29,moderate
391.93,9.92,66.39,4.14,low
411.03,18.64,40.45,0.81,normal
417.87,7.43,49.46,8.12,low
471.37,40.63,108.43,26.41,high
460.23,1.49,94.59,24.89,high
385.07,18.58,55.78,3.42,normal
341.5,12.01,73.03,1.1,moderate
474.14,0.28,114.81,23.14,high
230.7,0.97,113.15,20.57,high
369.32,16.22,35.11,0.09,low
407.39,16.12,46.89,4.06,normal
396.05,10.15,64,9.71,low
350.82,30.7,53.38,18.03,moderate
419.31,13.62,30.26,2.94,normal
391.5,14.73,67.28,9.91,low
345.36,30.04,53.43,14.93,moderate
366.54,6.24,37.64,4.51,low
368.93,19.8,47.88,3.1,low
419.98,11.06,84.22,17.83,moderate
411.7,17.69,35.02,0.75,normal
205.78,37.62,106.13,27.49,high
365.3,11.68,47.43,8.67,low
376.45,8.43,52.32,1.46,low
393.52,10.33,34.25,2.26,normal
465.11,46.03,115.17,21.27,high
394.2,14.73,68.91,0.72,low
350.86,25.47,40.23,15.83,moderate
315.14,36.39,94.08,29.11,high
400.02,17.08,35.76,1.31,normal
389.35,7.59,49.54,9.81,low
382.26,6.58,38.32,1.1,low
419.14,9.39,37.51,8.08,low
342.9,34.71,47.61,15.92,moderate
226.85,39.95,109.63,26.07,high
479.79,40.95,118.96,27.58,high
357.5,14.45,77.49,19.19,moderate
269.38,0.95,93.29,29.44,high
378.16,10.33,51.59,5.7,low
343.92,15.05,77.8,0.5,moderate
343.09,29.5,46.19,16.68,moderate
404.53,31.27,71.28,3.86,moderate
461.46,39.73,90.44,22.62,high
395.5,13.81,49.67,0.57,normal
394.83,19.83,30.33,0.17,normal
213.11,0.71,98.35,21.63,high
419.91,19.25,55.78,4.41,normal
390.57,17.18,32.28,3,normal
402.25,12.45,39.1,2.2,normal
412.63,27.44,72.66,19.28,moderate
404.17,18.2,44.12,0.43,normal
479.68,37.62,91.16,29.75,high
383.84,15.46,41.64,0.76,normal
344.97,11.35,70.51,1.23,moderate
327.99,45.73,116.27,23.48,high
403.23,5.69,43.45,6.01,low
394.26,9.02,61.39,3.35,low
398.83,6.4,66.02,2.71,low
351.98,33.93,71.96,3,moderate
411.99,18.53,59.77,2.17,normal
371.73,9.95,55.9,3.98,low
391.3,6.86,52.16,5.53,low
475.29,1.21,94.64,23.84,high
416.33,5.14,48.31,0.2,low
469.75,0.08,104.65,26.83,high
416.71,16.95,89.02,19.95,moderate
363.45,7.88,59.95,1.07,low
468.12,0.7,98.38,24.95,high
393.84,14.38,47.4,2.03,normal
355.41,17.53,51.26,13.46,moderate
403.02,9.35,60.62,4.09,low
413.59,18.11,31.52,4.84,normal
474.89,1,113.55,21.28,high
472.01,1.02,105.2,22.18,high
402.41,29.66,51.47,19.22,moderate
402.16,31.46,82.38,19,moderate
471.48,1.28,101.88,23.76,high
367.01,19.4,41.72,2.55,low
414,16.43,37.48,0.34,normal
377.34,8.13,39.91,2.23,low
350.16,33.4,77.32,3,moderate
472.36,0.67,92.71,23.48,high
250.24,0.17,100.4,24.58,high
392.26,18.06,60.83,8.96,low
244.14,38.17,97.73,25.06,high
366.45,16.5,51.84,6.22,low
468.04,39.66,108.15,23.13,high
349.74,29.75,89.48,2.35,moderate
404.42,12.42,66.21,0.56,low
374.86,12.99,47.1,0.2,low
403.84,15.88,50.5,4.68,normal
369.48,15.81,44.02,9.99,low
401.48,28.7,78.82,13.56,moderate
397.32,11.73,79.6,18.77,moderate
408.81,26.11,74,13.24,moderate
469.16,1.23,99.43,25.98,high
405.68,33.16,70.94,15.13,moderate
402.03,14.34,58.37,3.32,normal
404.81,12.8,45.45,4.72,normal
343.28,33.92,72.15,3.2,moderate
413.77,16.53,47.44,1.14,normal
262.75,1.32,111.32,22.66,high
347.85,13.41,88.48,13.75,moderate
468.37,0.82,104.23,24.62,high
401.87,16.29,33.46,4.37,normal
396.97,11.78,37.72,0.89,normal
356.47,33.65,70.58,1.1,moderate
351.3,30.69,57.56,11.22,moderate
391.23,15.8,67.28,2.3,low
408.52,30.89,77.44,2.7,moderate
351.87,33.62,57.99,15.68,moderate
471.33,46.19,112.71,27.96,high
342.62,18.3,78.24,4.22,moderate
406.51,34.97,78.39,0.79,moderate
408.59,8.41,48.88,1.45,low
419.84,34.55,41.3,17.97,moderate
399.7,6.17,30.87,5.01,low
388.35,16.94,59.37,4.24,normal
223.63,1.1,116.83,28.98,high
380.18,12.52,58.72,2.88,normal
406.1,8.91,49.25,9.3,low
335.87,47.88,103.82,23.14,high
395.57,7.87,61.04,1.08,low
380.31,14.49,43.65,3.69,normal
471,36.93,105.22,25.07,high
464.96,36.03,100.1,25.21,high
354.19,16.78,88.27,1.92,moderate
342.43,34.02,43.73,14.51,moderate
407.56,26.67,79.34,14.99,moderate
378.81,6.65,49.71,3.31,low
385.26,14.86,66.45,8.16,low
341.12,15.85,76.03,1.86,moderate
415.39,12.5,61.4,10,low
281.16,1.88,106.26,22.82,high
399.68,10.57,36.03,7.92,low
408.79,13.78,63.03,3.26,low
416.05,16.02,48.35,4.48,normal
399.24,10.98,64.55,0.12,low
413.37,6.43,61.96,3.03,low
397.67,11.15,39.12,6.21,low
412.21,9.08,60.43,3.08,low
417.08,13.86,45.62,4.59,normal
403.03,18.47,73.43,15.48,moderate
318.78,1.79,91.99,22.57,high
394.22,5.76,38.55,4.4,low
417.42,15.18,37.69,2.8,normal
419.61,14.61,56.06,2.87,normal
382.67,16.52,69.65,2.36,low
348.28,30.35,46.8,10.41,moderate
355.77,25.48,44.28,1.7,moderate
466.49,46.58,99.33,21.45,high
466.81,36.26,97.6,29.21,high
470.66,0.24,92.07,24.25,high
395.14,27.89,80.02,17.2,moderate
334.71,1.12,94.21,28.47,high
463,1.23,99.32,29.19,high
476.77,1.58,115.31,24.86,high
380.16,16.74,58.19,4.84,normal
384.46,18.74,38.55,3.9,normal
389.38,16.08,31.3,4.67,normal
382.96,12.56,42.42,4.61,normal
380.32,12.13,37.27,3.36,normal
379.9,16.62,45.28,7.11,low
382.54,17.63,79.33,18.56,moderate
240.78,42.35,94.57,23.95,high
410.42,7.8,61.08,0.46,low
221.76,40.45,104.93,23.92,high
265.31,1.07,111.82,26.5,high
348.56,14.82,82.81,15.59,moderate
389.94,14.7,48.73,0.65,normal
402.41,18.16,37.9,1.38,normal
371.83,6.37,47.51,2.76,low
351.85,29.68,53.86,19.21,moderate
376.38,13.59,30.6,8.29,low
397.75,14.43,37.68,2.85,normal
411.53,10.82,57.3,4.8,normal
403.08,12.55,58.96,4.2,normal
387.7,10.24,34.98,2.75,normal
218.72,36.18,96.09,21.08,high
400.95,16.1,50.08,8.2,low
416.3,25.31,83.03,4.07,moderate
477.42,1.68,115.18,28.16,high
353.11,31.67,70.25,0.02,moderate
406.31,18.41,48.66,1.08,normal
409.41,19.22,34.5,9.59,low
354.57,33.09,58.55,13.93,moderate
383.33,11.36,33.22,2.81,normal
229.3,35.47,91.18,21.16,high
470.92,43.47,118.13,25.87,high
471.99,1.63,96.05,20.5,high
301.25,44.99,110.14,26.76,high
472,38.29,105.49,29.5,high
408.83,29.69,85.79,19.74,moderate
381.93,15.14,35.28,1.26,normal
475.79,36.34,100.56,26.37,high
392.58,13.81,53.23,0.59,normal
414.62,14.92,80.08,19.82,moderate
344.3,27.63,53.42,4.51,moderate
465.79,42.37,119.57,23.43,high
473.41,1.21,106.61,29.46,high
396,17.99,34.63,0.04,normal
381.7,13.93,38.25,0.82,normal
358.37,15.17,36.72,17.07,moderate
381.38,11.35,40,2.87,normal
406.24,15.07,50.09,2.07,normal
375.88,19.37,39.72,5.74,low
352.19,31.22,53.06,16.32,moderate
381.31,29.49,85.48,16.76,moderate
462.6,46.21,109.64,27.56,high
405.52,18.55,58.83,4.23,normal
416.43,12.43,43.69,0.48,normal
266.43,46.33,98.46,26.19,high
386.95,14.43,84.83,17.76,moderate
400.05,12.55,51.78,3.74,normal
291.92,35.83,104.01,26.57,high
240.8,45.72,104.84,20.56,high
413.54,10.05,58.93,3.85,normal
379.08,13.48,50.46,0.1,low
382.35,10.28,40.49,1.26,normal
372.66,10.21,51.61,3.23,low
410.65,17.08,55.29,3.33,normal
386.26,31.02,81.2,13.17,moderate
354.79,30.24,74.58,4.48,moderate
378.54,16.26,58.53,2.29,low
361.52,14.65,64.36,1.61,low
391.65,6.79,54.64,1.77,low
408.3,27.46,80.39,17.08,moderate
214.62,0.27,93.53,21.03,high
477.81,45.89,119.84,28.09,high
416.9,10.5,79.48,11.07,moderate
371.13,15.45,53.72,7.48,low
401.35,33.25,44.73,13,moderate
359.86,28.43,38.01,4.62,moderate
341.79,13.83,51.41,15.81,moderate
401.86,19.98,45.35,3.03,normal
460.96,46.03,115.97,22.02,high
361.99,18.37,48.48,3.14,low
412.59,18.59,48.62,3.32,normal
460.9,37.47,102.83,29.87,high
380.07,14.48,48.17,3.81,normal
385.94,19.8,64.49,4.08,low
380.65,6.39,53.52,0.63,low
295.24,1.15,102.67,27.88,high
396.93,9.53,37.32,1.88,low
228.29,1.34,114.89,22.37,high
410.15,12.07,57.39,0.07,normal
401.64,13.71,44.7,3.93,normal
409.85,7.4,59.85,3.73,low
409.88,6.36,65.2,3.1,low
357.06,33.57,85.55,3.7,moderate
358.5,14.91,84.45,19.23,moderate
367.94,15.41,38.02,3.82,low
418.57,33.75,79.32,13.4,moderate
390.56,15.27,45.28,1.33,normal
392.14,30.94,82.45,14.92,moderate
343.18,19.74,87.74,17.09,moderate
352.99,32.42,30.06,4.26,moderate
479.69,1.53,113.61,29.24,high
345.45,32.1,39.44,17.96,moderate
350.51,19.32,33.99,19.43,moderate
394.65,14.64,55.09,3.37,normal
373.59,14.71,40.01,9.09,low
380.2,33.73,81.75,16.54,moderate
407.99,12.44,59.77,0.67,normal
390.16,31.7,77.77,1.46,moderate
461.51,0.02,109.33,23.45,high
413.28,31.83,75.68,2.83,moderate
399.98,18.61,66.18,2.19,low
392.25,18.3,36.42,4.2,normal
396.92,16.94,30.6,2.26,normal
341.47,27.07,80.65,1.71,moderate
271.29,1.29,95.35,21.4,high
358.93,33.63,48.53,19.83,moderate
352.3,19.87,81.26,2.42,moderate
406.7,13.86,54.36,1.86,normal
387.2,19.96,52.97,1.77,normal
404.78,13,33.92,5.62,low
375.5,11.05,66.88,3.27,low
294.78,1.89,110.31,21.78,high
384.65,25.96,85.98,3.35,moderate
472.46,49.85,90.03,28.49,high
372.81,5.63,53.44,3.29,low
360.83,17.85,57.69,1.58,low
342.4,34.35,39.42,14.85,moderate
381.71,11.35,54.47,2.35,normal
345.32,31.98,56.39,18.59,moderate
467.13,48.16,96.31,25.31,high
419.53,16.18,39.82,3.05,normal
472.44,37.55,103.99,23.52,high
351.73,11.14,71.79,4.94,moderate
310.5,0.05,118.06,22.42,high
351.26,16.55,80.06,12.64,moderate
387.05,18.52,53.14,0.76,normal
402.7,7.78,38.55,9.91,low
473.91,1.05,116.79,23.58,high
359.15,29.4,55.51,12.21,moderate
364.93,16.33,54.2,9.15,low
296.39,1.34,106.99,28.63,high
474.82,41.29,94.95,29.99,high
367.2,14.35,53.66,1.34,low
460.86,0.16,98.82,20.36,high
398.13,10.73,32.25,1.15,normal
418.52,16.32,43.72,2.47,normal
463.68,0.48,110.79,24.43,high
407.45,13.14,56.3,0.89,normal
356.44,28.53,42.65,2.93,moderate
462.18,0.28,93.57,26.16,high
230.82,47.39,108.4,26.72,high
474.71,1.47,103.35,25.62,high
477.29,0.87,109.79,21.76,high
391.18,12.09,31.55,6.97,low
372.46,9.89,53.8,2.6,low
340.4,12.52,49.08,15.17,moderate
410.54,12.46,33.62,3.12,normal
412.83,13.81,53.51,3.75,normal
415.75,18,43.45,2.88,normal
472.68,0.12,117.34,22.08,high
397.53,15.99,42.24,1.58,normal
404.91,31.8,30.1,14.41,moderate
390.05,13.64,69.81,4.66,low
410.02,19.32,30.43,3.81,normal
271.63,1.62,104.48,23.74,high
397.92,25.46,76.28,3.13,moderate
405.37,28.2,73.52,15.62,moderate
412.13,12.72,44.23,0.99,normal
354.83,27.48,87.23,0.45,moderate
363.59,18.15,61.23,4.39,low
388.61,16.96,48.75,4.27,normal
371.41,17.03,59.11,0.53,low
403.65,6.17,65.69,0.93,low
366.67,17.03,33.22,8.86,low
214.19,0.24,102.36,21.67,high
293.17,37.05,116.85,28.37,high
393.02,13.82,60.4,9.53,low
382.01,14.86,53.97,1.8,normal
380.97,12.32,34.47,0.79,normal
419.77,17.28,40.6,0.51,normal
341.92,30.44,73.8,3.52,moderate
385.42,25.77,77.59,16,moderate
419.28,14.35,37.57,1.15,normal
403.47,14.15,59.35,4.32,normal
220.3,1.17,100.9,22.76,high
415.87,6.68,66.05,3.06,low
403.27,15.08,54.7,3.1,normal
341.29,15.5,37.28,15.25,moderate
401.81,15.25,50.17,1.47,normal
402.24,11.18,32.15,2.62,normal
345.71,32.62,34.86,16.51,moderate
388.32,19.39,35.46,1.34,normal
396.27,12.93,73.16,18.68,moderate
477.01,1.72,90.31,27.52,high
372.84,5.95,35.5,2.75,low
352.49,18.64,44.84,13.87,moderate
370.93,16.18,56.96,4.57,low
343.28,11.72,85,19.14,moderate
381.58,16.63,41.67,3.1,normal
408.41,11.81,44.63,9.04,low
348.71,34.87,30.97,16.71,moderate
468.07,43.52,98.54,21.54,high
402.87,10.89,69.6,6.91,low
386.21,7.24,51.01,6.46,low
386.26,14.03,51.3,0.96,normal
403.28,18.65,53.07,8.48,low
215.74,1.58,104.15,20.02,high
414.48,7.93,65.58,4.55,low
376.23,18.32,68.56,1.35,low
419.5,16,82.65,19.95,moderate
361.17,18.51,55.03,0.03,low
477.39,35.13,109.12,21.16,high
479.47,1.62,118.29,23.42,high
411.56,15.57,39.41,9.68,low
460.06,1.69,116.49,22.46,high
369.16,8.87,42.6,1.49,low
418.33,18.49,61.43,1.54,low
349.78,14.33,82.98,15.77,moderate
370.97,12.4,67.77,1.98,low
389.11,29.47,75.17,0.48,moderate
461.12,35.42,109.04,24.81,high
222.62,49.62,109.91,20.35,high
380.37,8.44,40.98,7.58,low
397.97,17.68,41.29,1.16,normal
392.48,14.73,55.17,9.47,low
479.53,1.02,109.75,26.51,high
392.33,9.82,48.58,2.51,low
389.52,17.9,40.67,0.49,normal
399.99,10.93,50.7,1.77,normal
418.15,18.44,79.44,18.05,moderate
379.7,16.32,64.39,0.73,low
415.1,32.61,78.1,16.84,moderate
468.47,43.11,90.68,26.87,high
382.88,10.97,45.8,4.61,normal
400.86,16.25,50.69,4.86,normal
390.33,14.32,47.4,9.47,low
418.69,11.6,54.19,1.23,normal
403.58,33.25,37.16,14.8,moderate
340.3,34.3,52.84,16.55,moderate
414.26,29.3,85.99,4.76,moderate
351.42,14.02,72.83,3.37,moderate
464.12,1.56,93.44,29.91,high
350.34,18.1,37.74,16.26,moderate
242.19,0.65,92.43,26.23,high
384.06,11.18,46.85,4.53,normal
357.97,27.84,50.84,3.13,moderate
413.13,6.11,48.09,4.26,low
403.46,17.73,64.53,0.89,low
474.02,1.07,118.43,28.9,high
354.94,29.84,87.76,0.21,moderate
467.19,0.17,103.56,28.56,high
467.62,1.08,105.29,27.35,high
469.51,0.95,118.92,29.75,high
312.83,46.32,102.02,28.1,high
405.47,11.51,67.34,2.58,low
419.92,5.74,48.24,2.82,low
418.98,13.04,41.2,3.61,normal
216.06,44.1,97.64,23.22,high
464.4,35.51,110.89,20.45,high
268.1,45.81,103.98,22.86,high
407.98,16.56,67.45,1.69,low
414.49,19.8,41.31,3.61,normal
468.54,39.17,114.05,22.35,high
386.42,16.1,64.89,6.56,low
390.36,15.37,33.25,4.94,normal
309.37,39.41,109.32,22.27,high
479.37,0.65,115.13,21.65,high
393.84,19.29,46.52,2.38,normal
384.94,11.8,54.78,1.09,normal
386.12,19.3,44.66,7.28,low
374.31,14.49,44.71,5.86,low
398.99,12.56,33.8,1.28,normal
416.76,18.63,54.53,2.82,normal
353.98,11.58,81.9,15.69,moderate
384.79,15.17,55.79,3.53,normal
381.06,17.01,53.85,3.81,normal
479.47,1.11,96.68,21.09,high
411.54,15.3,36.54,2.87,normal
389.4,5.71,66.53,4.89,low
462,0.09,91.42,24.86,high
411.47,15.18,31.89,0.34,normal
351.44,27.4,53.43,16.56,moderate
417.81,9.31,39.25,3.17,low
409.2,7.35,31.6,4,low
355.41,32.63,88.75,4.61,moderate
352.21,11.64,58.12,18.58,moderate
368.15,12.05,59.01,5.71,low
463.06,45.22,110.56,29.96,high
410.39,13.72,55.08,0.86,normal
398.34,9.33,33.37,8.1,low
472.37,40.27,93.51,29.57,high
401.54,6.89,39.17,0,low
414.61,25.17,80.82,0.17,moderate
357.17,33.03,31.45,0.37,moderate
367.33,18.96,54.85,7.81,low
406.89,11.85,47.12,0.9,normal
358.68,18.61,74.05,4.2,moderate
382.52,11.33,65.46,1.07,low
381.89,10.25,33.33,2.48,normal
470.08,1.65,97.13,28.91,high
406.18,11.53,43.43,1.2,normal
380.14,15.06,56.91,2.33,normal
269.74,0.08,110.86,22.99,high
354.77,16.65,74.19,11.44,moderate
403.41,12.78,30.86,0.05,normal
359.48,16.85,80.33,16.12,moderate
412.68,31.84,84.19,10.39,moderate
415.74,27.26,34.54,18.83,moderate
409.27,19.05,55.78,0.2,normal
407.74,18.07,44.19,4.46,normal
415.07,33.56,33.85,18.61,moderate
348.36,31.49,80.35,1.24,moderate
479.2,44.71,106.78,24.13,high
460.72,48.2,108.23,23.81,high
397.38,32.19,78.97,15.84,moderate
475.04,38.4,112.02,24.75,high
349.62,28.22,78.96,3.22,moderate
369.69,13.23,61.84,1.57,low
417.73,26.45,32.49,18.09,moderate
387.85,10.73,69.51,1.08,low
407.81,11.5,53.19,4.96,normal
364.12,18.7,48.42,5.78,low
255.75,1.27,99.7,29.2,high
367.69,6.72,30.48,3.96,low
393.03,18.42,48.1,4.57,normal
460.4,1.06,98.98,21.62,high
397.17,8.45,66.99,3.01,low
348.24,12.85,71.77,18.33,moderate
210.97,39.2,108.54,24.16,high
350.39,17.86,72.48,12.19,moderate
391.71,13.1,44.97,3.52,normal
401.26,9.53,69.05,3.31,low
406.99,25.82,74.75,12.56,moderate
328.96,49.92,112.5,29.34,high
463.53,47.01,110.71,28.87,high
418.51,28.88,30.65,12.09,moderate
416.07,11.12,41.83,6.98,low
342.9,27.95,78.14,4.06,moderate
380.83,10.48,48.08,0.75,normal
411.78,10.97,50.68,4.28,normal
360.86,9.98,45.03,3.46,low
351.54,18.25,71.95,18.42,moderate
203.09,48.65,116.33,29.29,high
382.04,19.94,44.52,1.14,normal
344.97,19.26,83.47,10.56,moderate
412.38,19.87,72.98,19.21,moderate
399.58,10.9,52.36,0.88,normal
391.1,19.46,31.19,4.43,normal
345.8,32.13,72.76,1.74,moderate
412.36,8.73,67.17,2.34,low
353.17,17.19,85.22,16.7,moderate
392.73,8.14,64.55,0.05,low
404.97,15.45,38.62,2.38,normal
352.85,28.5,35.4,19.54,moderate
384.14,15.67,57.11,2.2,normal
408.02,15.54,51.73,0.9,normal
350.93,15.68,82.96,3.51,moderate
466,41.15,117.61,27.55,high
365.92,19.21,55.48,1.59,low
400.5,18.77,59.69,2.53,normal
464.85,45.3,99.64,25.12,high
208.29,0.41,92.34,26.54,high
358.19,33.34,82.22,2.86,moderate
353.39,11.45,73.45,14.07,moderate
408.58,13.63,49.89,3.08,normal
210.64,37.5,111.95,22.28,high
402.61,14.99,37.72,4.44,normal
385.98,11.83,30.1,4.18,normal
391.77,17.11,52.33,1.08,normal
340.63,16.63,36.9,17.22,moderate
346.13,18.8,72.84,13.69,moderate
397.88,28.08,83.54,16.52,moderate
346.72,16.74,74.83,17.89,moderate
399.47,13.33,40.08,2.7,normal
347.18,28.64,87.62,4.25,moderate
477.67,43.69,115.59,21.36,high
382.35,19.71,36.59,4.61,normal
409.38,16.26,68.59,1.34,low
348.98,14.69,55.11,18.1,moderate
468.07,1.07,92.47,24.16,high
419.42,19,61.5,2.7,low
346.22,12.2,37.2,19.3,moderate
388.32,16.06,72.22,14.91,moderate
383.26,16.27,62.58,3.2,low
357.45,13.52,87.16,4.71,moderate
393.67,12.04,45.9,4.25,normal
401.17,15.12,38.01,2.85,normal
349.7,10.36,79.91,17.5,moderate
284.38,1.99,101.26,25.75,high
416.66,18.08,38.69,3.02,normal
400.39,15.51,49.25,7.82,low
384.08,13.16,37.81,3.61,normal
375.91,10.05,67.43,2.96,low
381.51,19.89,53.64,1.49,normal
472.24,37.75,90.2,26.98,high
293.71,39.77,92.87,21.34,high
387.26,8.98,36.21,2.55,low
407.71,26.81,73.81,16.94,moderate
385.95,10.88,78.82,11.79,moderate
413.19,31.35,40.47,12.35,moderate
253.13,1.99,108.3,20.9,high
393.48,13.75,69.01,6.54,low
460.1,48.35,110.08,26.56,high
279.98,0.55,104.44,20.89,high
312.64,0.7,98.12,21.68,high
342.85,18.79,88.45,15.95,moderate
407.1,17.65,66.07,3.91,low
397.26,5.72,60.25,4.8,low
418.96,15.78,76.63,19.55,moderate
406.14,31.3,81.79,1.77,moderate
374.53,11.43,64.54,1.63,low
462.55,1.18,90.1,21.16,high
376.14,10.25,42,1.81,low
363.54,18.6,33.29,6.74,low
381.32,17.13,80.14,17.8,moderate
470.26,42.63,116.08,29.38,high
479.34,42.23,99.9,23.44,high
398.78,18.5,35.24,4.32,normal
260.36,0.57,111.36,23.69,high
357.34,26.74,87.27,1.54,moderate
214.87,0.73,101.74,24.52,high
410.39,30.72,78.77,1.41,moderate
393.61,11.84,44.78,4.84,normal
405.06,14.87,32.22,4.2,normal
345.38,17.5,75.25,1.67,moderate
410.53,13.41,35.33,0.71,normal
396.43,29.23,79.53,14.92,moderate
373.74,15.08,64.34,1.76,low
382.04,14.46,56.37,2.43,normal
416.85,18.36,34.46,2.13,normal
374.34,7.01,36.88,2.35,low
401.82,19.46,34.22,0.87,normal
361.05,14.38,55.8,0.48,low
367.11,9.97,57.97,4.8,low
415.84,17.66,71.78,14.21,moderate
383.23,25.63,80.57,12.58,moderate
384.99,13.73,68.97,5.5,low
414.64,18.89,64.39,4.5,low
228.86,1.45,106.74,26.4,high
217.43,2,97.57,28.37,high
359.63,17.77,76.52,4.32,moderate
469.94,1.25,98.95,28.04,high
354.83,11.75,82.06,15.3,moderate
408.45,11.97,33.3,5.16,low
470.24,46.66,94.98,29.3,high
467.03,0.56,104.97,26.78,high
342.61,32.74,34.63,4.16,moderate
358.84,15.55,52.37,18.3,moderate
419.77,31.3,47.97,18.5,moderate
363.33,17.72,47.74,5.52,low
383.87,17.42,53.63,2.37,normal
414.18,6.71,58.52,0.36,low
390.85,13.85,56.85,9.11,low
396.15,5.37,61.51,4.54,low
384.03,14.85,32.9,3.66,normal
395.93,16.24,33.96,5.08,low
356.68,25.82,89.39,4.3,moderate
403.45,19.4,51.36,3.16,normal
403.66,6.05,63.79,1.94,low
403.75,19.51,51.69,4.13,normal
381.65,28.41,54.11,17.77,moderate
369.29,8.52,39.79,4.38,low
416.58,28.04,88.46,18.73,moderate
470.94,40.53,111.24,29.57,high
346.14,11.09,41.31,14.08,moderate
368.91,10.79,34.7,6.04,low
408.1,7.73,69.13,3.17,low
478.32,0,106.94,27.63,high
352.71,12.71,85.46,11.71,moderate
368.35,10.83,38.35,9.96,low
277.57,0.12,106.73,24.18,high
353.06,17.8,78.91,18.76,moderate
406.52,10.68,38.13,2.83,normal
472.94,0.21,91.63,27.4,high
464.75,1.84,102.17,29.18,high
461.33,36.25,105.94,29.87,high
379.57,15.65,58.25,0.39,low
390,33.95,85.72,19.44,moderate
373.55,8.83,34.26,4.8,low
373.88,13.99,39.25,8.62,low
346.1,31.81,81.98,0.02,moderate
407.52,15.68,52.84,1.63,normal
399.45,9.12,38.32,9.24,low
401.6,15.35,36.72,1.45,normal
392.26,16.23,85.17,16.99,moderate
465.54,0.06,115.18,22.91,high
477.07,42.66,110.88,25.39,high
401.72,14.05,33.13,1.8,normal
395.86,17,69.29,5.9,low
357.97,12.5,41.9,10.04,moderate
206.71,0.26,102.09,24.95,high
385.85,31.6,84.58,16.48,moderate
404.2,18.71,57.44,2.55,normal
355.87,14.17,47.32,13.42,moderate
394.57,10.16,32.89,1.83,normal
463.38,0.33,119.05,23.24,high
413.82,16.81,63.48,10,low
473.67,37.6,102.46,29.53,high
477.71,1.93,118.48,29.03,high
399.47,16.26,30.14,1.5,normal
474.69,1.53,90.78,28.12,high
382.16,7.18,43.44,1.12,low
370.2,13.46,61.29,2.96,low
400.15,8.34,67.21,2.01,low
409.73,14.46,73.13,10.05,moderate
410.95,19.87,89.66,16.49,moderate
395.49,6.06,44.63,2.45,low
359.79,33.31,36.89,11.92,moderate
406.62,12.78,43.04,4.09,normal
374.29,7.16,56.14,1.5,low
373.4,12.45,50.11,0.94,low
341.02,10.85,55.1,10.58,moderate
354.43,16.8,89.77,4.67,moderate
470.2,36.31,100.26,24.61,high
226.61,1.28,91.25,27.86,high
393.55,15.66,57.69,4.94,normal
389.01,14.65,53.3,0.44,normal
463.75,0.81,103.48,25.36,high
305.44,0.13,100.41,28.54,high
367.88,6.9,45.74,1.57,low
416.03,32,52.88,16.32,moderate
408.92,8.72,60.86,3.96,low
418.66,8.86,40.85,1.5,low
386.82,14.17,60.83,4.16,low
384.33,15.63,36.3,4.68,normal
379.71,18.72,53.58,7.5,low
378.37,13.55,33.79,9.46,low
347.32,30.45,76.59,4.18,moderate
394.81,17.7,59.76,8.34,low
390.91,16.05,50.52,0.37,normal
392.14,10.23,50.21,3.28,normal
410.06,32.27,80.25,18.39,moderate
219.5,0.73,118.05,24.04,high
337.81,1.02,103.39,20.39,high
349.06,28.21,77.91,3.43,moderate
396.09,8.67,42.97,2.58,low
347.61,30.92,88.38,2.3,moderate
379.91,14.21,56.18,0.16,low
392.66,17.15,52.01,3.63,normal
404.48,14.27,63.69,7.43,low
365.85,14.23,69.03,4.11,low
392.5,19.84,31.87,1.59,normal
238.04,44.36,109.39,24.91,high
461.77,0.74,97.72,20.55,high
387.58,16.25,37.95,4.16,normal
297.6,0.64,94,22.22,high
409.66,14.49,37.56,8.7,low
415.47,33.61,87.52,1.77,moderate
378.46,14.9,41.37,9.73,low
379.32,12.22,39.8,1.26,low
200.7,0.95,99.62,22.65,high
384.01,11.16,34.18,4.48,normal
354.4,25.46,58.73,15.06,moderate
381.63,16.24,52.56,1.45,normal
463.72,36.5,114,27.29,high
364.77,16.89,66.66,3.5,low
383.29,18.27,68.49,1.05,low
409.43,7.32,32.08,9.35,low
467.21,42.62,101.58,24.61,high
294.02,41.33,95.97,25.12,high
384.21,14.96,34.6,9.92,low
306.79,1.26,111.82,20.11,high
411.45,9.68,55.12,3.13,low
405.34,12.48,39.44,4.6,normal
390.98,15.01,68.41,9.25,low
384.45,6.07,30.08,2.56,low
277.84,49.97,109.46,23.42,high
353.34,11.69,82.56,18.57,moderate
399.63,17,87.29,11.2,moderate
417.05,10.39,30.68,1.41,normal
416.87,31.11,83.93,0.3,moderate
364.17,5.44,30.95,3.39,low
413.34,19.32,58.92,0.88,normal
405.61,25.66,84.22,19.77,moderate
402.68,12.01,59.67,2.33,normal
473.15,40.67,117.01,21.99,high
402.88,19.25,82.68,13.94,moderate
478.51,39.36,93.84,23.27,high
474.24,1.77,112.06,24.11,high
467.69,36.23,106.13,29.27,high
349.58,26.1,70.6,4.9,moderate
477.67,1.73,90.83,24.58,high
243.18,42.18,106.3,20.54,high
367.99,11.54,66.3,4.28,low
419.56,15.42,49.99,2.59,normal
476.73,38.7,115.38,27.22,high
406.75,13.8,51.86,4.19,normal
387.66,19.33,69.95,5.79,low
300.38,38.3,107.12,25.29,high
384.68,10.28,39.59,4.64,normal
404.27,16.52,55.63,4.4,normal
395.78,27.32,37.36,11.54,moderate
201.83,46.5,102.23,21.01,high
293.28,38.42,116.78,25.03,high
250.72,42.04,94.52,20.56,high
405.31,15.18,52.59,0.48,normal
342.58,29.19,57.99,16.42,moderate
419.55,17.16,34.07,2.7,normal
388.4,9.15,59.17,1.83,low
466.36,47.02,107.38,25.59,high
412.56,7.38,48.52,2.92,low
366.64,18.36,39.33,1.1,low
388.05,13.5,50.51,1.47,normal
395.75,6.24,35.23,0.46,low
415.66,13.84,59.62,8.23,low
396.38,7.12,54.3,0.79,low
464.07,0.23,108.46,24.77,high
250.17,42.98,91.29,26.55,high
207.82,49.26,90.64,24.52,high
218.69,1.71,98.06,23.01,high
399.37,8.88,67.28,1.1,low
472.03,39,98.31,26.81,high
401.74,30.47,72.24,4.21,moderate
357.66,13.99,72.96,3.61,moderate
373.35,15.31,55.83,7,low
387.77,8.29,38.25,1.67,low
471.48,1.71,111.05,21.36,high
394.63,33.69,86.85,3.1,moderate
351.28,13.93,80.97,3.18,moderate
386.05,6.22,38.06,7.5,low
353.29,16.48,48.47,13.33,moderate
389.17,30.87,72.33,17.09,moderate
268.27,46.86,99.19,27.81,high
346.09,29.88,46.97,12.24,moderate
383.13,10.19,64.27,2.32,low
477.83,47.93,104.45,25.77,high
404.08,6.05,42.39,6.25,low
478.13,1.62,119.21,26.56,high
472.89,41.87,111.39,26.53,high
218.6,1.68,115.36,21.94,high
241.21,37.18,110.88,27.98,high
342.18,34.3,80.29,2.12,moderate
464.83,35.76,100.3,29.81,high
216.49,0.53,101.66,26.11,high
383.08,16.61,88.41,18.07,moderate
335.25,1.23,99.46,22.9,high
406.25,12.07,54.71,9.59,low
383.54,19,77.93,17.86,moderate
385.72,11.99,61,4.64,low
340.53,11.98,41.54,13.76,moderate
362.84,8.76,40.6,0.23,low
365.98,19.59,63.95,2.87,low
212.65,36.14,101.89,29.55,high
464.11,1.82,103.47,29.92,high
395.02,7.11,54.93,2.29,low
478.23,0.95,106.07,27.49,high
469.39,45.87,99.21,23.54,high
342.94,16.37,70.31,3.19,moderate
394.22,18.84,47.33,3.92,normal
338.66,0.5,96.04,21.85,high
368.36,17.77,32.69,1.74,low
392.56,11.08,38.58,1.86,normal
357.93,29.04,88.48,3.35,moderate
359.56,33.11,38.4,10.81,moderate
398.09,9.74,58.75,0.07,low
392.36,15.32,43.72,6.41,low
409.78,15.81,51.93,3.66,normal
356.1,16.97,71.71,16.47,moderate
402.97,6.25,54.33,8.19,low
394.07,17.77,59.49,6.06,low
384.77,32.6,40.58,10.5,moderate
390.73,8.97,35.82,9.86,low
364.62,12.82,47.52,8.62,low
386.41,12.22,40.47,3.83,normal
393.67,11.78,39.56,0.66,normal
419.06,34.96,79.89,4.76,moderate
383.54,18.55,55.3,2.87,normal
387.9,13.54,38.03,4.81,normal
358.9,10.73,35.25,14.34,moderate
381.34,14.53,87.5,12.03,moderate
228.91,42.28,94.96,24.76,high
464.23,38.13,98.27,21.92,high
395.14,14.87,40.21,2.35,normal
348.31,12.23,35.01,12.17,moderate
417.66,19.21,47.15,7.83,low
349.59,27.5,32.2,19.37,moderate
287.97,40.39,93.08,20.97,high
474.83,1.47,100.15,25.39,high
272.44,43.05,119.8,25.37,high
400.47,16.69,44.5,3.07,normal
387.55,7.49,52.36,3.02,low
362.08,14.17,69.4,1.56,low
389,32.89,57.64,13.51,moderate
351.01,19.68,47.08,14.83,moderate
412.13,12.73,41.54,0.17,normal
465.52,37.3,119.04,20.39,high
278.47,1.32,95.76,25.92,high
356.01,12.47,89.85,3.98,moderate
303.38,40.85,105.44,23.73,high
366.35,7,36.68,0.09,low
411.28,11.72,35.22,8.83,low
384.44,18.74,46.32,0.18,normal
385.28,7.56,32.47,2.17,low
389.18,30.77,76.61,16.98,moderate
387.29,13.46,37.66,1.54,normal
408.59,16.2,62.58,7.79,low
261.34,1.54,91.64,22.08,high
340.2,18.14,75.87,1.61,moderate
463.24,42.77,97.8,21.66,high
395.98,26.93,75.83,16.37,moderate
349.37,25.64,42.42,0.24,moderate
469.9,1.1,100.42,26.38,high
373.48,14.66,42.73,9.49,low
392.15,19.1,77.68,19.1,moderate
408.23,5.92,45.87,3.36,low
344.92,15.24,47.25,18.63,moderate
356.42,19.73,89.19,0.38,moderate
269.8,46.19,105.81,29.79,high
418.68,14.57,45.3,1.65,normal
349.52,15.34,77.24,1.29,moderate
389.95,18.41,43.15,4.09,normal
395.24,12.26,31.94,0.6,normal
353.06,19.92,72.33,13.52,moderate
354.27,17.7,83.93,12.6,moderate
341.01,14.24,83.75,12.21,moderate
406.63,17.22,44.02,3.33,normal
229.12,43.6,119.16,24.69,high
409.99,15.39,32.61,4.91,normal
400.7,34.62,84.63,1.16,moderate
370.82,10.02,34.19,7.88,low
377.74,16.03,40.28,5.7,low
475.79,1.3,108.35,21.99,high
393.29,5.88,66.84,1.09,low
410.12,9.48,51.87,6.88,low
415.52,16.71,69.06,9.91,low
381.78,17.29,36.24,2.6,normal
411.99,28.77,81.02,4.33,moderate
349.76,15.34,46.09,11.44,moderate
462.57,0.08,106.45,21.79,high
376.83,14.04,36.73,0.8,low
399.91,11.26,32.79,3.29,normal
399.1,10.36,46.55,0.41,normal
461.16,44.73,115.93,26.88,high
385.89,5.05,51.73,2.02,low
325.74,0.19,112.47,26.86,high
340.85,30.73,89.02,2.4,moderate
395.34,15.69,47.57,1.82,normal
384.25,14.85,39.72,2.96,normal
376.35,7.69,34.02,1.25,low
358.49,31.86,48.2,19.88,moderate
402.13,11.51,61.63,1.59,low
206.12,42.3,105.48,22.33,high
404.18,14.94,32.63,4.66,normal
478.23,38.12,90.64,24.09,high
460.84,45.92,94.78,26.38,high
385.1,15.34,51.43,2.3,normal
220.93,1.27,99.34,24.68,high
392.86,6.54,41.36,1.7,low
366.75,11.46,30.94,0.34,low
386.18,18.3,52.68,2.81,normal
204.44,35.25,90.63,24.34,high
384.11,17.23,35.21,2.48,normal
392.01,30.59,31.36,10.7,moderate
384.78,33.2,82.41,2.98,moderate
413.47,13.72,55.35,3.11,normal
341.04,25.11,33.25,2.84,moderate
353.46,33.46,87.25,4.04,moderate
385.39,6.82,64.07,3.39,low
350.89,34.35,33.32,3.63,moderate
479.62,0.23,111.5,21.17,high
470.56,1.7,105.17,24.39,high
405.6,12.39,50.04,3.77,normal
370.97,19.8,53.08,1.23,low
468.98,0.45,94.11,24.5,high
386.11,11.62,55.94,0.02,normal
372.25,12.32,36.04,8.38,low
417.19,15.91,62.68,1.19,low
407.17,16.62,68.2,4.91,low
400.18,19.73,58.86,4.31,normal
350.34,12.62,70.26,14.51,moderate
386.96,16.53,49.1,0.4,normal
397.08,18.87,31.07,1.42,normal
385.44,13.93,30.16,8.84,low
411.48,16.44,33.05,0.66,normal
404.36,6.94,36.52,0.79,low
472.13,41.72,91.25,26.47,high
225.68,1.54,117.31,27.01,high
365.35,16.27,39.41,4.53,low
397.55,25.72,88.79,4.99,moderate
468.54,37.18,106.84,25.75,high
273.35,38.69,97.61,21.28,high
379.34,10.8,66.7,3.04,low
390.66,5.05,60.38,2.08,low
469.77,0.11,115.17,28.38,high
402.45,29.38,44.35,13.58,moderate
417.58,5.75,46.06,1.38,low
354.61,26.11,59.47,12.77,moderate
396.34,7.83,69.11,3.46,low
376.9,11.83,43.85,3.88,low
360.38,10.46,43.1,9.21,low
465.29,0.86,108.5,28.67,high
407.83,9.57,52.21,4.63,low
209.44,39.51,102.08,27.14,high
341.83,29.33,51.06,3.49,moderate
204.91,1.18,108.28,27.89,high
372.45,15.33,59.89,7.91,low
401.35,13.2,43.99,4.53,normal
257.41,1.18,104.62,25.42,high
465.74,0.59,107.62,23.58,high
417.72,19.4,55.54,2,normal
390.43,16.96,39.83,1.13,normal
416.71,14.86,35.79,0.16,normal
419.29,34.47,81.26,2.58,moderate
414.64,11.71,42.57,0.58,normal
365.18,13.49,34.08,4.28,low
370.19,8.33,56.08,3.43,low
357.75,30.99,44.26,4.39,moderate
223.66,45.1,118.37,22.95,high
411.07,18.45,45.83,2.48,normal
391.9,5.32,31.38,6.04,low
399.96,14.5,59.65,0.29,normal
396.82,18.65,51.4,1.31,normal
341,32.08,39.53,12.88,moderate
252.33,41.79,112.56,23.84,high
474.35,37.43,92.2,20.91,high
417.38,34.33,88.53,1,moderate
212.06,48.56,96.01,28.03,high
353.02,11.99,78.42,17.97,moderate
326.99,49.93,95.87,20.92,high
390.1,14.88,75.58,19.21,moderate
404.29,17.63,45.12,3.41,normal
414.58,12.23,53.05,1.67,normal
314.11,42.11,95.08,29.07,high
393.39,18.96,43.3,0.63,normal
360.14,17.45,34.66,4.3,low
463.76,49.71,110.27,21.97,high
395.89,19.55,56.41,1.57,normal
413.12,11.32,36.97,3.27,normal
386.76,12.8,44.35,3.62,normal
417.57,5.69,56,9.48,low
347.25,32.59,87.05,2.59,moderate
231.6,0.95,102.62,27.1,high
347.17,27,55.91,3.56,moderate
382.32,7.8,41.85,0.2,low
474.36,37.71,112.4,27.54,high
403.9,13.01,57.42,2.4,normal
409.47,12.38,61.68,8.32,low
400.65,19.88,44.62,4.15,normal
409.33,14.07,35.98,1.25,normal
348.53,12.61,73.54,15.63,moderate
380.57,11.53,55.67,4.53,normal
406.55,8.08,66.28,0.68,low
344.92,14.81,72.44,2.78,moderate
403.06,10.23,68.08,9.81,low
384.89,28.27,74.74,10.14,moderate
393.56,32.43,81.77,10.7,moderate
359.17,18.64,72.72,4.94,moderate
471.22,0.62,97.36,27.7,high
389.98,17.9,36.26,9.94,low
359.82,25.5,85.92,4.6,moderate
377.2,13.89,38.62,3.4,low
402.97,27.47,53.72,17.97,moderate
411.28,11.69,34.07,2.23,normal
264.72,39.63,109.36,20.21,high
419.53,11.93,68.69,0.44,low
478.04,49.97,100.28,21.14,high
413.17,12.32,54.35,3.13,normal
465.21,0.16,93.55,27.24,high
479.38,0.69,93.31,29.44,high
357.51,30.87,73.28,3.44,moderate
407.5,16.43,50.84,2.7,normal
392.77,10.45,45.63,2.09,normal
461.66,0.17,98.51,29.89,high
407.13,6.54,44.61,5.95,low
392.45,15.12,58.81,1.05,normal
390.43,16.92,47.76,4.89,normal
348.24,33.56,89.97,3.48,moderate
401.08,33.67,73.94,12.13,moderate
390.03,18.14,33.25,3.93,normal
477.31,0.07,113.97,22.18,high
218.79,49.34,91.68,26.02,high
341.24,16.71,31.57,15.2,moderate
351.57,15.53,85.01,2.35,moderate
473.87,41.48,96.5,24.1,high
477.1,45.4,102.85,25.39,high
391.73,30.41,30.39,16.29,moderate
418.73,11.24,86.42,17.85,moderate
309.07,48.62,107.74,28.65,high
350.41,10.07,46.4,10.03,moderate
414.96,14.2,56.79,2.76,normal
355.41,13.27,47.3,10.42,moderate
396.48,33.76,59.51,14.22,moderate
356.39,33.24,40.83,0.68,moderate
385.97,18.05,38.35,2.6,normal
472.11,47.4,109.6,28.83,high
385.76,19,39.74,3.96,normal
392.52,14.29,57.29,7.75,low
344.54,13.05,83.59,0.39,moderate
473.42,47.44,108.21,20.25,high
461.37,44.97,111.48,21.06,high
382.31,17.65,35.6,2.04,normal
395.83,10.14,32.26,1.09,normal
474.5,38.36,119.13,25.63,high
353.56,33.32,53.82,4.41,moderate
419.54,11.19,57.83,8.9,low
472.29,1.49,90.87,21.75,high
386.25,30.65,51.75,15.81,moderate
345.9,28.48,42.08,14.2,moderate
408.44,11.88,52.89,1.16,normal
402.09,29.94,56.59,12.47,moderate
341.5,33.14,77.78,4.89,moderate
347.56,31.41,37.61,15.73,moderate
475.3,37.35,109.32,20.45,high
406.66,13.39,30.91,0.77,normal
356.93,15.51,81.61,12.19,moderate
404.05,14.69,51.85,2.85,normal
461.87,0.91,103.29,22.38,high
400.31,19.5,74,11.02,moderate
409.41,17.81,39.08,0.18,normal
476.29,40.12,115.11,26.76,high
403.19,14.42,58.72,2.4,normal
348.87,14.75,31.89,14.52,moderate
460.57,41.62,103.21,23.9,high
380.67,17.46,76.69,11.99,moderate
383.6,11.67,34,4.71,normal
406.75,13.23,55.91,3.43,normal
398.69,12.7,49.75,4.1,normal
361.54,15.7,66.33,1.37,low
397.58,12.84,57.17,4.66,normal
412.62,15.96,57.39,4.06,normal
382.41,5.24,53.25,6.43,low
387.3,14.19,37.85,2,normal
461.92,45.73,109.38,22.91,high
364.71,11.05,37.41,9.8,low
408.49,6.29,67.67,2.52,low
358.89,28.62,72.62,0.4,moderate
351.27,13.73,73.67,17.44,moderate
380,17.33,57.59,4.07,normal
410.26,14.26,45.76,4.42,normal
370.21,17.72,64.6,2.15,low
377.87,8.91,32.8,2.95,low
391.73,14.16,59.63,1.46,normal
460.93,40.99,111.24,29.46,high
418.78,19.92,51.01,2.91,normal
410.18,16.66,50.03,0.99,normal
406.85,14.97,36.28,8.54,low
417.02,33.18,86.35,4.02,moderate
374.83,18.3,34.81,2.51,low
477.61,0.88,103.78,25.68,high
394.69,9.17,45.37,3.66,low
367.71,6.51,56.55,3.99,low
412.56,15.54,44.48,0.3,normal
464.67,37.01,95.32,20.99,high
466.05,48.63,91.85,22.96,high
391.03,12.04,51.68,1.79,normal
342,27.28,87.69,0.46,moderate
384.06,27.64,86.8,12.9,moderate
385.39,28,84.29,15.4,moderate
406.45,12.5,61.6,3.62,low
476.81,1.54,117.22,23.92,high
460.28,1.4,99.67,25.75,high
410.48,19.78,52.22,0.03,normal
385.01,17.33,57.9,8.38,low
348.47,25.18,38.97,3.45,moderate
387.07,13.17,61.47,0.01,low
398.09,5.02,59.92,9.14,low
465.63,38.32,103.99,23.11,high
414.47,19.71,37.11,2.65,normal
355.37,31.7,43.18,19.9,moderate
478.58,44.17,94.15,27.77,high
477.41,1.52,115.85,29.74,high
478.61,0.97,111.03,25.06,high
368.79,14.54,42.97,0.76,low
413.9,6.32,65.26,1.96,low
348.05,29.71,83.35,1.09,moderate
387.38,10.87,82.52,13.74,moderate
414.81,14.04,37,1.99,normal
391.4,17.64,58.19,2.52,normal
333.05,42.1,97.7,29.12,high
282.38,0.58,106.73,23.77,high
387.88,12.95,62.61,0.69,low
354.93,14.09,47.31,16.17,moderate
462.21,1.58,113.78,21.18,high
396.13,32.6,86.95,11.53,moderate
408.86,31.75,46.8,10.48,moderate
348.42,15.81,81.26,16.01,moderate
472.85,0.62,113.59,27.34,high
460.46,1.95,103.52,20.67,high
320.06,35.5,107.07,27.09,high
416.16,19.89,48.92,1.82,normal
338.96,41.87,108.99,21.17,high
410.8,5.84,34.13,2.58,low
406.23,11.74,36.98,1.08,normal
343.24,11.43,73.41,16.04,moderate
393.59,8.66,54.66,7.74,low
306.11,1.55,100.79,24.77,high
247.44,37.87,117.13,23.56,high
411.99,32.25,73.41,19.4,moderate
407.48,16.64,79.59,11.96,moderate
240.85,44.66,103.62,24.91,high
361.96,13.77,57.66,9.17,low
380.26,29.37,51.95,14.31,moderate
365.41,11.25,42.4,1.24,low
395.57,19.11,61.61,5.58,low
412.58,5.59,46.12,3.88,low
333.95,1.88,105.3,26.53,high
403.79,5.16,40.66,0.11,low
342.67,19.13,78.86,18.12,moderate
343.8,28.01,82.69,0.16,moderate
381.24,33.99,73.7,0.73,moderate
407.62,15.04,33.94,1.3,normal
200.86,43.57,111.63,20.48,high
418.83,7.31,52.69,6.15,low
409.81,15.16,57.31,2.72,normal
403.08,14.47,70.62,14.97,moderate
390.46,6.15,62.72,1.55,low
415.43,13.88,57.98,0.6,normal
477.82,0.09,92.6,23.5,high
320.08,38.89,111.15,27.11,high
402.24,17.01,56.72,1.6,normal
356.84,33.23,58.61,10.6,moderate
230.03,47.99,92,25.14,high
353.97,13.83,89.6,17.74,moderate
376.38,10.54,45.91,2.39,low
278.37,36.51,111.87,20.08,high
410.95,10.96,43.14,9.36,low
390.18,12.83,35.56,6.43,low
241.05,38.71,118.97,28.53,high
415.1,11.96,49.98,4.36,normal
374.64,12.88,64.12,2.32,low
409.89,15.47,51.7,4.45,normal
349.08,19.99,86.28,11.45,moderate
476.72,0.93,110.96,20.94,high
465.89,46.56,106.04,25.19,high
282.04,1.29,94.94,23.69,high
216.41,1.07,90.97,26.85,high
478.39,45.41,96.49,21.54,high
403.77,16.11,59.41,2.21,normal
417.56,16.99,66.02,6.83,low
418.99,14.72,35.11,2.08,normal
385.71,12.3,35.02,1.78,normal
388.47,10.73,64.14,0.87,low
396.61,16.38,64.5,7.92,low
409,31.13,38.8,18.85,moderate
475.52,49.26,107.24,20.16,high
398.09,15.6,37.97,0.61,normal
343.33,32.55,49.94,15.61,moderate
460.39,1.21,96.51,21.47,high
460.54,1.3,105.73,28.29,high
464.88,0.98,114.67,27.86,high
309.58,40.47,96.46,26.75,high
357.11,17.48,35.11,11.1,moderate
398.39,26.92,38.41,11.47,moderate
379.84,12.47,59.61,2.07,low
415.39,15.92,43.02,2.3,normal
469.63,1.63,92.23,25.47,high
462.97,42.61,91.48,27.52,high
473.22,0.14,97.61,28.09,high
384.69,12.72,45.3,2.11,normal
465.79,1.82,108.73,23.26,high
235.42,1.76,108.31,21.42,high
290.72,0.83,97.4,25.55,high
342.2,19.7,85.42,16.6,moderate
404.69,19.01,57.21,2.34,normal
394.23,14.26,56.83,0.78,normal
211.82,1.72,115.95,25.08,high
476.28,42.51,117.31,23.99,high
402.87,12.14,40.97,2.2,normal
351.04,34.81,42.79,2.7,moderate
408.68,9.8,31.48,9.34,low
391.83,13.48,33.92,4.79,normal
408.08,14.4,59.64,4.15,normal
476.56,1.41,115.23,22.74,high
394.52,17.54,33.99,1.69,normal
352.8,18.16,76.5,13.1,moderate
383.05,15.38,49.9,0.93,normal
225.14,36.02,113.21,25.28,high
365.76,13.15,31.83,4.88,low
466.97,47.34,103.55,24.71,high
462.33,48.49,110.29,29.18,high
367.95,17.52,50.34,0.35,low
387.65,11.65,80.93,10.57,moderate
415.97,12.05,58.29,6.29,low
386.48,17.15,53.7,2,normal
409.96,26.89,86.63,14.91,moderate
398.33,19.14,59.08,4.08,normal
417.24,11.01,43.27,1.94,normal
364.9,12.79,32.5,5.54,low
400.01,10.12,67.69,5.06,low
375.09,17.92,65.55,3.26,low
350.65,14.6,57.23,13.91,moderate
405.43,11.21,49.08,6.39,low
403.64,16.16,60.93,3.61,low
264.58,1.81,111.31,26.42,high
465.46,40.62,102.73,26.56,high
247.09,48.31,118.13,21.47,high
298.03,0.15,97.47,20.94,high
399.46,10.15,35.57,4.3,normal
376.72,17.77,45.18,8.8,low
352.81,11.4,84.5,10.04,moderate
348.13,31.35,41.95,15.37,moderate
237.91,0.68,117.46,21.49,high
413.53,10.65,50.63,1.7,normal
396.63,16.29,47.23,2.02,normal
391.09,14.76,43.07,1.44,normal
314.29,36.92,98.22,21.49,high
407.63,17.88,58.79,8.58,low
461.76,45.64,106.25,20.85,high
201.58,38.32,116.21,27.42,high
276.92,0.18,93.38,25.69,high
412.98,31.94,84.77,2.44,moderate
385.4,15.12,43.38,4.92,normal
220.71,40.83,95.92,20.87,high
394.22,10.54,38.57,3.94,normal
407.74,15.45,44.77,2.28,normal
388.28,17.24,62.04,5.46,low
391.87,29.68,32.73,12.66,moderate
397.29,11.63,46.77,0.59,normal
401.6,13.08,86.72,12.38,moderate
418.69,19.58,67.25,6.83,low
476.3,0.54,90.34,25.14,high
225.76,0.02,103.09,28.24,high
473.29,0.54,100.52,25.67,high
413.49,12.23,53.26,9.05,low
347.67,14.2,79.05,3.7,moderate
405.63,11.75,48.11,8.92,low
409.8,11.92,33.98,1.64,normal
461.66,37.86,104.2,29.99,high
381.82,26.98,82.23,4.75,moderate
468.22,40.98,108.21,22.04,high
301.24,1.49,114.82,21.08,high
356.11,11.19,78.92,15.01,moderate
410.44,14.03,57.28,0.54,normal
351.95,13.23,89.2,0.47,moderate
464.08,37.11,104.64,27.17,high
354.27,10.56,84.15,4.68,moderate
275.52,0.89,111.48,27.89,high
383.18,16.24,48.23,0.61,normal
469.01,43.53,97.44,29.05,high
404.87,17.49,50,2.29,normal
389.43,25.23,83.13,3.38,moderate
390.07,14.51,62.71,1.99,low
350.39,28.44,44.57,19.25,moderate
392.2,18.49,40.65,3.42,normal
460.21,47.92,95.67,21.71,high
407.08,27.95,37.94,16.56,moderate
341.28,19.16,30.11,17.04,moderate
403.05,5.76,64.24,3.51,low
341.32,17.02,88.4,16.33,moderate
466.95,39.1,99.79,26.71,high
362.94,10.67,59.41,1.79,low
402.62,26.53,83.74,18.83,moderate
414.26,14.53,87.53,17.92,moderate
383.45,11.27,47.94,5.68,low
383.38,17.93,33.65,6.72,low
389.28,17.43,59.33,0.86,normal
229.55,0.98,93.06,21.53,high
412.49,9.05,33.43,4.38,low
370.35,18.85,49.07,0.37,low
348.74,26.96,32.55,15.25,moderate
419.97,18.78,68.02,6.16,low
473.66,0.46,93.78,28.15,high
292.91,48.84,114.44,28.81,high
413.45,6.72,53.3,6.3,low
364.66,15.66,69.76,3.83,low
406.38,5.07,46.78,2.76,low
382.49,17.03,33.65,2.77,normal
402.51,12.07,67.71,0.04,low
247.4,0.55,104.09,23.66,high
381.18,17.91,42.05,3.39,normal
406.95,7.9,31.65,1.68,low
419.93,26.59,72.64,17.48,moderate
240.96,1.21,98.8,24.54,high
380.22,18.69,47.39,4.34,normal
464.19,39.94,109.49,20.48,high
405.67,5.48,66.61,4.75,low
466.89,40.34,91.38,25.56,high
415.46,11.28,53.46,0.83,normal
402.69,9.33,45.43,9.12,low
254.37,0.91,95.92,25.62,high
390.69,12.03,47.77,0.62,normal
400.6,34.06,77.1,0.06,moderate
379.45,16.86,36.13,5.36,low
402.36,7.36,33.61,0.48,low
406.8,19.6,35.9,4.47,normal
357.39,30.7,87.21,3.46,moderate
397.39,17.6,65.3,0.28,low
473.42,40.67,96.2,20.33,high
465.83,0.29,99.82,20.59,high
465.55,0.48,112.27,25.47,high
478.61,43.07,110.86,24.18,high
398.28,26.76,70.03,12.17,moderate
386.24,16.04,60.13,4.48,low
369.26,6.99,57.2,0.57,low
348.6,14.45,71.86,17.57,moderate
465.97,0.21,111.46,25.27,high
472.11,44.34,96.44,28.1,high
395.18,12.43,36.33,0.05,normal
415.15,16.66,34.1,2.17,normal
467.45,1.04,96.72,28.14,high
392.45,14.52,41.9,1.94,normal
349.7,31.03,75.96,3.48,moderate
402.74,18.85,54.65,7.89,low
359.7,31.24,75.83,3.54,moderate
412.15,11.01,52.85,2.17,normal
400.07,25.99,82.3,15.15,moderate
348.44,15.95,72.55,1.5,moderate
343.73,11.13,84.31,10.22,moderate
204.8,44.55,96.42,27.79,high
413.8,10.62,55.89,4.47,normal
410.89,9.52,50.65,1.17,low
400.06,9.01,34.26,3.86,low
412.17,19.79,69.83,2.55,low
227.31,0.29,118.04,20.35,high
390.4,18.98,64.1,2.99,low
388.08,12.94,54.84,0.59,normal
383.69,6.82,44.24,4.49,low
466.58,1.2,114.37,25.21,high
417.07,14.34,65.36,1.55,low
223.66,0.88,111.57,26.06,high
354.69,13.13,79.73,4.35,moderate
374.47,9.12,44.65,3.56,low
381.69,16.4,38.05,1.96,normal
469.47,47.58,111.53,24.55,high
212.22,1.7,94.63,25.95,high
419.98,13.35,43.92,0.39,normal
380.29,16.2,69.71,0.88,low
341.61,31.08,86.28,2.1,moderate
397.26,12.4,75.77,18.48,moderate
415.43,9.57,65.57,0.7,low
408.64,18.88,54.74,1.28,normal
470.14,48.09,104.42,29.7,high
390.25,12.87,61.28,7.13,low
385.45,14.81,31.23,3.91,normal
393.91,33.4,33.19,17.66,moderate
325.72,40.39,113.56,24.98,high
471,0.38,90.78,23.5,high
350.88,28.74,59.98,1.26,moderate
292.68,37.6,117.19,23.58,high
463.47,0.5,107.9,22.67,high
387.33,11.55,51.7,2.39,normal
412.23,31.17,81.23,2.2,moderate
386.4,18.72,45.72,1.46,normal
342.74,11.95,86.52,14.92,moderate
358.57,16.97,73.14,17.74,moderate
346.94,29.8,51.93,0.4,moderate
367.29,19.55,69.01,2.7,low
342.71,11.46,78.41,1.19,moderate
385.95,16.03,43.62,4.92,normal
347.85,33.94,30.72,11.23,moderate
406.73,15.43,43.2,0.24,normal
388.99,28.66,78.72,16.76,moderate
364.28,7.6,50.06,2.81,low
410.68,18.1,31.75,6.05,low
385.8,13.39,59.92,3.1,normal
384.18,11.13,53.07,3.78,normal
468.95,1.51,93.53,21.65,high
223.94,0.6,95.53,23.17,high
460.08,0.02,101.25,20.98,high
469.04,0.32,103.75,28.99,high
412.08,18.51,66.11,8.16,low
347.65,27.24,52.76,2,moderate
353.85,12.21,89.64,2.72,moderate
365.19,18.62,58.3,7.47,low
248.14,48.21,110.74,28.32,high
468.99,37.66,108.55,23.64,high
349.79,34.82,34.17,1.54,moderate
378.91,10.72,61.63,4.95,low
411.75,29.33,73.7,10.4,moderate
409.12,16.01,51,6.48,low
345.21,16.37,86.92,17.05,moderate
397.04,29.81,34.81,16.81,moderate
347.11,27.61,56.61,12.66,moderate
410.82,14.96,40.03,9.46,low
466.55,47.36,115.37,29.1,high
340.46,10.65,83.86,16.03,moderate
361.2,15.25,44.78,0.67,low
415.04,9.97,57.97,2.61,low
466.87,43.83,94.71,29.72,high
255.33,0.83,117.95,23.83,high
402.23,15.73,62.48,3.65,low
463.48,1.59,97.01,28.18,high
396.27,13.47,36.35,1.75,normal
290.62,0.63,106.21,24.98,high
381.22,34.81,59.25,15.29,moderate
352.57,32.88,89.22,3.62,moderate
398.71,19.78,39.32,3.93,normal
399.02,28.1,83.15,16.92,moderate
264.83,0.9,111.61,28.11,high
382.68,6.56,30.61,3.8,low
204.4,42.82,104.9,20.47,high
207.76,38.36,96.42,23.28,high
406.05,6.82,42,3.38,low
382.37,27.86,75.5,14.9,moderate
419.72,29.95,73.23,17.8,moderate
407.43,10.74,36.41,8.8,low
342.3,25.9,84.62,2.26,moderate
349.82,10.35,58.69,18.03,moderate
394.87,17.24,39.53,2.01,normal
406.16,16.74,41.02,7.19,low
398.6,14.05,48.42,1.19,normal
415.91,16.88,49.98,4.72,normal
224.47,0.19,99.25,20.3,high
390.44,9.99,62.25,3.41,low
366.65,10.87,47.68,1.52,low
273.51,0.88,93.36,29.34,high
412.01,11.19,57.88,3.33,normal
391.11,15.84,36.11,1.18,normal
336.12,38.82,101.97,24.05,high
410.25,10.9,35.67,3.89,normal
400.74,17.2,50.88,1.48,normal
419.73,26.92,85.36,3.47,moderate
395.91,27.53,86.71,1.44,moderate
390.55,7.26,57.62,3.49,low
359.86,33.29,35.01,10.55,moderate
372.17,13.28,50.56,7.44,low
478.06,36.78,106.53,22.9,high
400.73,28.61,85.62,14.45,moderate
383.07,10.8,41.04,5.69,low
386.57,18.34,49.49,6.96,low
318.76,1.87,113.41,28.77,high
401.61,19.16,66.83,5.89,low
417.53,29.14,50.84,13.25,moderate
399.67,16.09,61.06,3.79,low
471.92,1.79,103.65,25.56,high
392.98,34.31,40.86,12.06,moderate
406.51,16.83,56.89,0.23,normal
419.88,13.37,42.38,4.54,normal
411.38,9.94,45.17,7.95,low
464.84,1.68,99.9,21.21,high
389.13,19.52,67.93,0.78,low
460.97,0.58,109.86,24.25,high
408.49,13.95,56.91,1.8,normal
396.25,16.75,41.61,2.78,normal
418.34,16.53,55.59,4.31,normal
474.66,0.55,98.93,28.41,high
341.2,18.39,78.62,16.19,moderate
219.08,49.94,119.53,21.13,high
227.37,1.7,113.71,27.24,high
469.71,45.76,113.97,24.06,high
396.72,19.72,47.82,9.29,low
385.05,16.86,37.47,8.03,low
230.01,0.8,115.9,23.95,high
380.34,17.25,40.25,1.27,normal
414.78,14.12,48.98,1.96,normal
391.89,12.29,69.82,2.34,low
417.19,19.17,52.4,5.83,low
389.75,19.63,32.17,1.08,normal
407.08,13.11,85.66,17.72,moderate
352.15,28.76,32.74,0.53,moderate
407.46,18.37,30.81,3.66,normal
394.25,7.05,31.38,3.27,low
339.74,48.07,115.21,26.28,high
414.21,12.79,39.98,0.33,normal
353.86,25.28,56.17,13.34,moderate
307.99,45.84,119.7,23.54,high
358.27,29.78,35.6,3.37,moderate
354.29,26.31,40.56,10.37,moderate
466.17,40.28,113.52,29.28,high
353.76,17.28,89.14,2.89,moderate
204.16,0.73,100.89,23.95,high
315.53,46.53,92.94,24.58,high
397.37,28.05,89.48,1.18,moderate
474.93,0.4,111.02,24.59,high
401.19,18.45,37.42,3.08,normal
354.42,33.2,45.61,14,moderate
418.04,14.48,47.53,2.49,normal
400.42,12.35,51.16,3.08,normal
395.26,19.41,41.24,9.41,low
362.99,14.83,65.31,2.02,low
344.52,10.97,42.63,17.59,moderate
412.55,17.78,59.28,0.58,normal
348.71,25.55,44.16,4.14,moderate
388.19,30.25,87.33,4.21,moderate
390.19,14.81,47.59,9.99,low
401.32,11.74,67.59,8.4,low
310.81,44.64,112.11,27.3,high
250.49,1.21,92.21,28.66,high
352.73,14.27,80.13,17.57,moderate
416.25,16.45,60.85,4.23,low
462.85,48.98,112.35,20.36,high
402.56,27.59,70.63,0.65,moderate
397.95,5.3,55.56,3.81,low
317.76,49.75,107.67,28.53,high
266.33,39.99,108.03,24.79,high
398.69,13.79,38.52,2.69,normal
354.08,27.26,87.77,4.35,moderate
309.45,0.23,117.34,22.56,high
340.73,15.18,77.66,3.16,moderate
261.88,47.27,109.32,27.19,high
340.91,34.15,50.99,3.49,moderate
244.29,46.03,101.92,20.59,high
236.47,47.25,101.93,23.69,high
392.08,16.94,32.55,1.91,normal
464.32,0.23,118.61,23.02,high
417.61,9.15,54.62,7.55,low
368.41,13.52,30.18,4.61,low
204.94,0.17,118.75,24.29,high
291.26,37.4,93.59,26.9,high
369.01,8.78,35.83,0.18,low
367.44,16.23,51.06,0.06,low
238.8,1.78,110.47,29.91,high
393.86,28.42,86.85,4.17,moderate
408.69,10.7,51.39,2.43,normal
364.6,11.35,47.33,7.76,low
407.74,8.44,37.38,9.88,low
403.14,17.51,55.94,0.25,normal
342.75,17.24,72.1,3.4,moderate
418.3,15.97,40.25,1.65,normal
406.58,16.84,57.06,4.35,normal
397.22,18.75,44.8,6.75,low
358.28,34.29,75.13,2,moderate
245.57,43.41,90.9,20.63,high
414.07,6.01,57.51,6.92,low
341.13,26.53,30.84,12.63,moderate
380.07,14.19,36.39,4.04,normal
386.61,13.52,40.1,0.68,normal
414.82,12.43,40.84,3.32,normal
364.91,13.33,37.32,3.15,low
419.1,26.97,72.76,10.56,moderate
478.36,1.2,96,28.89,high
355.19,30.73,32.59,10.92,moderate
225.43,49.74,112.77,21.42,high
359.29,29.32,75.8,4.43,moderate
416.03,25.35,57.26,13.5,moderate
470.98,1.86,117.65,25.06,high
415.43,28.43,42.97,15.37,moderate
382.55,18.99,66.8,0.97,low
398.98,14.62,35.85,3.78,normal
413.08,15.72,53.57,7.12,low
389.91,13.13,55.62,2.4,normal
395.34,14.73,74.69,10.2,moderate
368.54,5.91,37.45,2.75,low
475.4,1.9,107.9,20.32,high
415.82,8.63,43.79,5.8,low
478.13,1.9,102.48,25.2,high
398.99,12.72,52.05,0.7,normal
392.22,19.46,35.71,0.33,normal
393.68,18.59,46.91,3.03,normal
358.41,12.96,74,15.22,moderate
361.14,14.94,56.46,7.51,low
362.81,19.2,31.15,8.12,low
408.28,16.45,38.03,3.64,normal
341.55,31.12,73.39,3.54,moderate
417.55,13.41,39.3,4.72,normal
353.21,32.71,87.24,0.64,moderate
387.59,16.54,58.92,3.71,normal
392.61,16.83,65.65,7.93,low
369.82,11.54,60.38,1.43,low
379.65,6.29,50.27,3.97,low
234.37,39.68,102.69,29.76,high
367.98,18.31,37.8,3.07,low
402.48,13.33,50.76,8.77,low
409.71,9.24,63.98,3.12,low
468.79,0.05,100.2,24.72,high
391.51,8.12,56.27,1.43,low
386.51,12.25,63.36,1.8,low
353.78,26.13,74.1,2.27,moderate
386.36,30.4,44.24,12.57,moderate
382.07,6.63,55.47,0.34,low
402.14,11.22,53.3,0,normal
409.37,15.08,34.86,3.21,normal
410.63,11.23,39.13,2.64,normal
352.92,28.53,49.18,0.78,moderate
402.29,15.83,49.91,3.28,normal
360.74,18.98,41.67,1.24,low
384.48,19.46,41.69,2.07,normal
348.4,34.78,58.76,19.72,moderate
387.24,10.78,34.85,0.89,normal
394.17,14.52,48.04,2.01,normal
228.76,0.52,115.03,23.4,high
393.71,7.29,33.36,9.23,low
419.9,27.21,77.87,12.66,moderate
404.93,19.39,57.95,1.55,normal
404.47,32.93,59.05,11.89,moderate
260.84,45.58,99.65,27.74,high
412.35,20,38.64,5.38,low
361.39,5.31,57.64,2.61,low
405.19,12.22,58.05,1.7,normal
287.17,40.38,94.47,27.57,high
262.98,40.65,104.15,25.08,high
212.83,43.77,93.06,21.05,high
391.42,5.46,59.38,4.99,low
466.24,0.83,116.29,22.2,high
346.54,31.83,75.27,0.65,moderate
376.53,11.41,51.47,6.91,low
475.54,0.71,118.02,29,high
342.46,13.98,73.19,18,moderate
387.54,31.74,54.59,17.59,moderate
372.59,15.38,32.48,4.08,low
358.45,32.03,76.13,1.93,moderate
294.63,35.46,102.96,22.46,high
361.37,9.12,55.75,3.28,low
385.14,29.46,80.77,2.92,moderate
389.37,10.22,67.9,1.78,low
472.66,1.32,118.5,23.61,high
372.27,8.21,38.75,2.2,low
391.84,10.31,48.68,3.92,normal
350.35,31.78,35.98,13.78,moderate
419.43,19.17,71.52,19.01,moderate
395.67,32.52,82.37,19.81,moderate
410.23,18.99,51.11,0.87,normal
342.91,30.35,77.14,2.79,moderate
395.61,8.17,66.74,0.91,low
406.87,16.63,35.52,1.05,normal
466.75,45.89,114.82,24.95,high
263.05,48.25,110.02,29.9,high
295.84,46.01,96.41,29.81,high
393.6,26.13,79.33,4.97,moderate
411.93,29,85.3,0.59,moderate
475.74,0.37,110.23,21.39,high
406.01,10.88,53.5,0.04,normal
414.56,14.93,49.73,4.78,normal
204.53,1.84,95.81,27.51,high
381.53,18.21,34.92,2.66,normal
403.84,14.15,33.2,2.68,normal
290.73,0.99,90.82,29.66,high
384.52,10.26,40.57,4.16,normal
463.14,1.84,114.22,29.49,high
401.23,9.66,65.05,3.44,low
271.19,45.62,95.22,20.94,high
225.94,35.58,112.14,23.79,high
272.97,0.74,105.36,25.13,high
345.18,25.12,51.06,14.43,moderate
478.54,40.49,93.13,23.85,high
385.26,30.48,58.72,16.72,moderate
380.44,14.22,61.67,2.93,low
402.62,26.7,34.03,10.13,moderate
326.3,0.3,104.3,29.34,high
315.25,1.89,98.04,29.61,high
392.27,25.96,79.31,4.73,moderate
386.58,13.12,51.23,1.38,normal
462.3,1.25,100.69,21.76,high
366.96,7.37,37.63,3.8,low
360.85,17.34,32.21,8.35,low
380.09,18.7,48.7,3.21,normal
394.48,16.77,32.96,4.02,normal
408.59,14.9,64.36,1.51,low
354.08,14.31,88.75,10.22,moderate
356.35,31.77,74.29,4.33,moderate
228.57,0.3,97.99,29.62,high
313.73,0.88,100.07,20.27,high
267.82,43.46,90.55,28.18,high
414.21,12.93,42.25,1.22,normal
351.08,27.29,47,1.49,moderate
356.83,25.35,33.05,18.2,moderate
417.12,28.09,72.6,12.81,moderate
350.44,25.76,37.86,4.47,moderate
415.5,14.77,30.25,4.71,normal
383.79,25.03,76.07,4.58,moderate
346.63,25.66,73.79,1.89,moderate
387.93,17.15,36.05,2.42,normal
460.84,49.79,116.46,27.77,high
396.33,14.32,41.4,3.26,normal
396.02,6.48,54.34,3.09,low
339.68,43.68,102.88,22.96,high
403.94,10.4,61.99,0.05,low
353.49,33.35,51.2,18.82,moderate
390,7.82,61.29,3.98,low
391.83,14.73,83.07,11.77,moderate
356.71,31.36,87.16,0.94,moderate
397.82,13.73,32.51,6.17,low
350.22,33.77,42.96,18.44,moderate
366.1,8.03,31.69,1.55,low
474.17,0.54,102.23,21.8,high
471.86,0.61,118.8,23.61,high
468.96,49.06,96.1,29.5,high
358.3,33.75,35.71,18.61,moderate
465.02,45.59,91.7,25.53,high
232.71,39.87,109.89,25.2,high
479.62,49.08,117.53,25.13,high
413.48,14.29,53.45,0.51,normal
411.71,10.63,48.38,0.95,normal
419.02,11.75,58.93,2.02,normal
380.52,8.12,38.99,7.24,low
373.3,13.63,65.62,1.15,low
361.44,19.84,31.24,0.92,low
406.01,11.99,32.46,0.69,normal
271.97,37.75,110.74,24.62,high
390.33,13.7,44.81,1.49,normal
393.24,9.83,48.57,9.49,low
386.82,13.48,42.99,0.64,normal
413.16,5.99,55.86,3.36,low
354.18,10.81,73.75,2.05,moderate
366.2,11.44,52.72,2.68,low
474.34,35.17,115.78,22.93,high
413.48,9.35,32.29,4.13,low
358.32,11.75,87.9,16.72,moderate
406.32,26.79,87.59,3.48,moderate
254.5,1.33,119.25,22.33,high
467.66,1.94,116.24,22.91,high
346.62,25.54,86.89,0.04,moderate
403.68,10.35,30.96,1.07,normal
393.69,17.4,38.32,3.58,normal
305.84,0.93,111.17,28.95,high
345.09,33.67,43.19,10.72,moderate
357.09,29.55,72.17,0.94,moderate
358.72,19.47,80.56,16.88,moderate
412.96,11.1,35.44,4.8,normal
324.7,1.92,93.57,24.29,high
391.8,10.04,36.06,4.41,normal
345.1,19.3,40.82,19.24,moderate
385.48,12.58,84.39,18.56,moderate
479.69,1.8,101.22,24.89,high
350.04,19.08,89.63,17.53,moderate
348.52,16.8,47.61,10.51,moderate
340.68,26.89,33.74,14.92,moderate
405.4,30.36,55.01,13.13,moderate
460.69,37.95,110.47,24.53,high
396.2,14.23,47.75,0.78,normal
415.44,11.29,31.16,1.59,normal
417.67,15.79,65.3,3.5,low
390.56,6.69,45.53,2.92,low
366.61,18.02,69.72,3.16,low
289.19,40.66,98.47,24.78,high
404.75,12.4,30.64,7.6,low
388.99,10.9,44.19,3.79,normal
392.45,10.53,50.66,1.98,normal
282.68,1.96,108.37,25.01,high
394.1,11.95,53.96,1.74,normal
461.29,49.42,107.97,27.35,high
410.87,10.84,51.82,1.25,normal
263.38,49.68,119.69,23.23,high
401.83,12.82,47.22,1.71,normal
413.58,12.65,46.76,2.73,normal
409.38,18.57,39.71,2.49,normal
374.39,7.97,56.18,2.25,low
419.08,17.74,41.57,4.31,normal
366.47,12.53,57.64,5.28,low
210.57,47.67,106.12,27.69,high
356.34,33.45,47.45,19.11,moderate
358.18,28.2,35.46,1.91,moderate
392.96,12.59,43.11,0.68,normal
398.79,18.76,57.41,4.25,normal
478.76,0.8,110.31,26.67,high
462.98,1.69,106.18,27.39,high
367.53,13.42,37.46,8.14,low
389.76,12.71,52.81,2.06,normal
370.35,18.94,45.65,6.19,low
392.53,19.29,33.46,0.14,normal
412.9,18.53,64.27,0.76,low
375.88,10.17,65.32,4.63,low
477.1,42.11,118.38,25.81,high
409.44,16.19,64.2,2.16,low
389.64,19.99,42.34,1.22,normal
382.51,15.89,49.82,1.27,normal
257.83,0.72,99.6,22.45,high
380.16,6.23,34.68,1.11,low
342.52,14.39,83.45,0.34,moderate
391.8,17.4,50.19,3.4,normal
345.18,14.66,84.99,14.89,moderate
414.12,8.74,32.31,6.22,low
341.47,29.08,84.98,2.36,moderate
367.25,17.36,43.73,0.36,low
377.68,15.14,56.52,2.08,low
475.18,0.52,91.9,20.2,high
387.76,11.91,51.19,1.85,normal
395.21,11.14,62.61,7.51,low
344.61,15.93,70.22,19.57,moderate
357.05,33.66,57.49,1.33,moderate
358.04,29.83,86.64,2.45,moderate
474.88,1.82,110.6,20.75,high
404.29,33.25,73.91,13.06,moderate
398.09,11.94,37.64,1.98,normal
318.71,1.31,94.27,20.57,high
472.58,49.65,106.01,20.18,high
395.31,14.88,31.2,3.01,normal
462.23,48.35,96,25.44,high
359.5,14.23,70.93,15.64,moderate
238.36,45.18,93.49,27.82,high
270.07,45.28,91.17,25.43,high
386.88,14.37,42.67,9.83,low
387.82,12.24,57.34,2.15,normal
392.4,5.04,62.99,4.97,low
398.74,9.95,36.81,5.54,low
412.36,18.22,83.28,17.9,moderate
401.51,12.23,73.1,15.8,moderate
478.76,1.97,114.15,27.72,high
473.35,0.02,114.57,29.55,high
350.76,34.47,34.39,1.79,moderate
359.25,10.88,81.55,4.59,moderate
389.54,18.75,44.58,2.41,normal
282.11,48.76,95.03,21.15,high
340.86,26.75,49,11.56,moderate
405.56,15,30.03,4.22,normal
349.94,30.85,86.07,3.81,moderate
472.45,48.77,116.52,21.7,high
460.82,0.03,104.54,22.97,high
411.17,26.02,75.78,12.07,moderate
351.08,27.34,57.59,3.99,moderate
403.33,13.75,31.23,2.12,normal
340.11,33.63,75.21,3.7,moderate
470.28,1.84,91.38,22.42,high
306.15,49.27,95.48,21.22,high
402.43,17.96,40.57,3.75,normal
393.73,11.37,36.6,2.51,normal
397.08,6.08,62.22,3.68,low
406.15,13.43,57.47,4.38,normal
381.39,19.61,66.32,4.94,low
464.34,1.33,116.31,28.98,high
398.39,17.25,62.74,5.33,low
262.29,1.56,118.06,21.8,high
370.14,9.91,41.33,3.64,low
407.74,15.21,33.05,2.87,normal
203.17,43.69,91.86,24.66,high
408.21,16.85,33.36,9.7,low
355.67,16.26,78.64,18.86,moderate
462.25,47.97,114.67,27.69,high
395.43,14.9,66.18,7.57,low
409.89,10.23,58.6,3.16,normal
396.11,15.91,80.2,15.44,moderate
408.91,6.35,66.07,2.65,low
478.7,0.96,92.15,27.26,high
402.87,12.57,36.19,0.33,normal
389.3,13.75,43.95,7.76,low
404.77,28.46,71.14,0.48,moderate
410.48,5.36,50.07,7.22,low
355.36,27.02,49.37,3.62,moderate
358,28.19,36.12,1.96,moderate
369.07,7.5,34.07,3.26,low
353,34.29,39.72,11.33,moderate
359.45,16.51,86.84,14.25,moderate
352.85,30.94,44.43,1.71,moderate
410.12,14.56,48.17,4.23,normal
408.91,11.47,44.48,0.99,normal
372.3,8.44,40.51,2.97,low
460.53,1.8,107.59,29.03,high
371.88,17.78,52.46,1.17,low
384.26,11.97,39.07,1.25,normal
263.21,36.43,99.15,27.36,high
380.16,17.42,40.64,5.76,low
278.96,38.4,100.6,26.88,high
376.52,15.77,62.44,4.5,low
355.51,11.53,71.83,4.86,moderate
395.64,18,59.52,0.12,normal
383.76,10.08,60.84,7.75,low
387.79,18.36,54.01,4.55,normal
390.01,16.42,40.5,0.52,normal
396.09,16.95,62.51,5.02,low
381.66,28.92,70.48,3.49,moderate
342.84,17.82,87.5,1.97,moderate
404.21,29.62,72.18,0.47,moderate
393.46,30.1,33.12,14.05,moderate
402.03,10.79,50.4,0.55,normal
389.66,12.13,36.85,3.81,normal
404.96,10.12,31.19,3.07,normal
347.31,28.86,71.94,1.6,moderate
226.61,1.68,100.64,20.01,high
470.19,1.64,113.41,26.45,high
397.33,30.52,80.62,4.04,moderate
401.35,18.87,47.97,3.81,normal
357.56,28.26,47.43,12.16,moderate
462.9,1.02,115.52,23.33,high
390.42,12.04,48.38,0.47,normal
393.45,16.32,38.8,2.81,normal
358.81,16.21,76.46,1.07,moderate
364.47,9.23,34.89,2.13,low
348.13,27.4,84.26,4.47,moderate
472.23,0.02,98.7,28.85,high
478.1,1.39,119.47,20.79,high
470.41,46.33,102.72,29.06,high
341.92,34.08,78.97,2.74,moderate
412.61,5.05,39.39,1.21,low
394.93,26.81,57.97,15.98,moderate
283.88,0.7,108.91,28.22,high
418.52,12.52,59.82,3.01,normal
417.11,14.25,31.92,0.94,normal
402.5,10.53,36.36,7.68,low
290.85,1.41,98.94,27.21,high
408.82,18.97,77.12,14.69,moderate
409.17,11.99,54.66,2.31,normal
408.58,18,37.97,4.62,normal
247.57,0.11,92.41,22.69,high
348.73,18.78,38.98,12.3,moderate
320.24,45.97,108.31,28.55,high
396.63,16.09,85.14,16.16,moderate
388.89,34.02,88.33,4.37,moderate
275.88,40.12,96.09,24.75,high
477.07,44.15,105.75,27.16,high
224.78,0.94,109.9,21.46,high
341.75,11.47,58.04,10.65,moderate
477.09,0.84,116.81,26.11,high
380.48,10.02,38.2,1.7,normal
464.87,0.6,96.1,26.61,high
253.99,1.98,92.09,22.32,high
387.65,16.27,59.76,2.25,normal
469.18,35.9,97.89,28.67,high
219.66,48.81,103.04,25.14,high
350.15,29.55,34.52,10.05,moderate
462.34,36.39,114.22,24.14,high
383.46,5.17,61.96,4.16,low
461.11,0.56,116.12,22.09,high
272.79,1.65,101.36,20.08,high
394.18,14.63,88.7,17.06,moderate
306.77,35.44,118.24,27.34,high
407.84,12.53,39.03,3.9,normal
393.08,10.69,55.68,1.08,normal
379.93,16.04,36.41,1.2,low
358.85,16.4,89.76,13.52,moderate
412.34,6.73,44.21,1.45,low
398.33,7.44,45.75,2.07,low
403.88,14.11,53.94,1.03,normal
409.34,18.26,53.22,7.56,low
414.63,18.66,41.76,0.76,normal
410.3,15.77,50.1,1.04,normal
385.99,14.41,31.35,2.04,normal
412.63,18.71,56.2,6.13,low
477.3,1.74,103.47,25.25,high
244.15,1,106.21,27.29,high
271.59,0.33,109.55,22.35,high
415.98,10.33,47.24,0.65,normal
402.77,26.48,79.79,2.99,moderate
373.72,17.25,47.13,5.38,low
232.62,39.97,116.6,27.7,high
356.91,25.74,83.21,2.84,moderate
360.45,19.07,43.05,8.47,low
399.74,6.36,38.05,8.26,low
380.45,15.34,44.89,4.59,normal
237.97,40.51,101.85,22.12,high
384.47,19.86,36.05,2.36,normal
400.3,7.52,47.23,6.71,low
305.75,1.71,96.7,27.12,high
387,10.38,50.01,2.09,normal
340.88,27.53,58.05,15.9,moderate
344.97,28.77,75.19,2.31,moderate
403.09,19,42.59,1.76,normal
407.27,12.2,43.49,4.61,normal
395.67,11.62,36.62,0.95,normal
414.67,10.64,35.84,1.2,normal
395.62,15.87,39.2,3.92,normal
391.33,7.32,47.22,8.5,low
373.21,15.94,48.41,3.4,low
398.94,25.46,58.19,19,moderate
406.85,12.64,86.62,18.07,moderate
231.52,1.37,99.38,27.37,high
471.32,1.6,113.83,24.67,high
417.64,15.27,31.64,4.67,normal
381.47,12.76,42.73,2.54,normal
272.36,36.58,98.75,21.38,high
384.81,5.24,59.21,6.49,low
370.35,9.96,59.09,1.49,low
413.45,26.42,55.41,10.02,moderate
396,15.88,39.95,2.87,normal
363.14,18.47,42.22,3.53,low
397.96,18.88,64,9.45,low
398.34,10.11,60.2,4.56,low
402.98,10.93,61.27,0.77,low
344.44,10.97,83,4.28,moderate
479.77,44.26,91.6,26.74,high
416.73,9.01,46.33,3.19,low
402.17,11.79,62.97,0.5,low
461.93,0.69,107.01,25.91,high
385.64,26.4,84.41,4.29,moderate
200.43,1.38,118.67,28.38,high
225.44,45.37,108.6,26.14,high
359.34,27.44,53.47,14.46,moderate
466.47,37.01,109.31,29.09,high
357.93,17.14,43.57,14.43,moderate
403.23,11.78,63.09,3.14,low
405.98,10.81,43.76,0.28,normal
394.96,34.76,38.65,17.89,moderate
299.44,1.29,108.16,22.9,high
384.48,10.24,33.16,2.03,normal
383.13,11.97,50.61,4.84,normal
322.66,0.87,96.02,23.72,high
468.27,38.36,90.51,25.07,high
388.21,10.13,70.65,10.78,moderate
355.29,11.34,75.58,2.62,moderate
382.86,10.47,46.66,0.42,normal
466,1.43,92.4,26.35,high
392.23,13.56,86.22,16.98,moderate
469.72,0.8,118.58,27.03,high
415.72,19.64,54.24,1.13,normal
341.41,12.17,70.96,17.7,moderate
411.11,18.64,43.46,0.37,normal
382.55,14.81,58.93,3.87,normal
467.29,36.09,106.26,24.51,high
375.75,11.43,32.17,7.26,low
384.06,12.69,57.03,6.13,low
392.87,18.52,41.23,1.99,normal
415.92,13.38,58.91,8.87,low
394.36,30.73,71.86,17.17,moderate
341.07,26.28,88.35,2.86,moderate
368.49,14.23,30.15,2.33,low
341.37,32.85,73.3,2.54,moderate
393.87,19.46,33.34,4.37,normal
463.37,44.95,105.66,27.41,high
395.86,16.81,44.86,4.77,normal
397.64,13.37,35.85,0.71,normal
407.13,10.63,52.76,3.85,normal
260.68,35.62,118.39,20.14,high
344.23,28.4,52.74,3.84,moderate
269.75,0.95,97.08,23.16,high
387.17,12.98,47.52,3.52,normal
384.39,19.08,61.95,2.5,low
347.85,18.02,77.84,4.87,moderate
409.4,17.19,69.47,4.11,low
400.26,17.2,63.76,5.14,low
401.69,18.88,58.39,4.7,normal
408.25,6.6,62.6,0.74,low
392.97,18.32,51.23,0.69,normal
248.16,1.64,90.26,28.02,high
401.71,13.35,33.98,2.98,normal
273.05,48.94,92.57,23.76,high
231.56,45.33,107.68,25.84,high
419.05,15.35,44.93,1.95,normal
382.99,5.85,32.74,0.38,low
264.18,49.14,100.53,25.09,high
399.9,33.28,72.38,1.45,moderate
463.36,0.88,103.33,23.49,high
349.51,11.99,77.33,0.55,moderate
419.12,19.66,83.76,18.45,moderate
385,11.89,54.65,0.14,normal
351.89,27.59,42.59,0.47,moderate
348.9,26.03,57.77,2.35,moderate
474.28,35.23,116.55,23.87,high
387.52,15.49,45.92,2,normal
418.05,10.16,57.41,0.26,normal
263.74,0.25,104.04,24.28,high
409.82,10.13,47.65,2.9,normal
206.93,0.17,96.5,27.47,high
209.77,45.8,112.25,25.94,high
393.05,18.57,67.42,1.16,low
381.99,9.17,46.37,0.1,low
351.75,34.18,31.96,4.54,moderate
406.63,15.23,43.83,3.43,normal
358.78,33.04,89.89,2.65,moderate
409.33,10.21,45.71,1,normal
390.41,16.14,63.53,4.58,low
416.41,18.45,50.37,8.9,low
352.7,26.91,42.97,4.2,moderate
255.99,1.61,110.66,22.44,high
408.3,7.58,56.07,8.44,low
466.14,44.18,92.8,23.39,high
475.73,40.94,91.25,25.18,high
278.92,0.16,113.34,22.89,high
342.35,10.97,32.64,14.91,moderate
473.66,0.1,93.85,21.08,high
404.37,7.27,47.18,7.78,low
413.7,13.33,30.64,4.03,normal
320.08,0.19,101.16,20.95,high
359.59,17.57,55.77,14.36,moderate
400.39,7.65,64.47,0.26,low
377.81,10.19,60.81,1.68,low
227.33,1.43,110.1,29.61,high
390.62,7.59,35.11,9.71,low
359.7,32.92,89.13,1.91,moderate
352.03,16.62,30.43,12.5,moderate
402.29,15.99,54.58,3.98,normal
346.32,31.63,45.47,12.48,moderate
348.15,12.41,73.66,13.6,moderate
415.31,11.72,48.88,1.3,normal
415.53,15.97,36.11,1.44,normal
355.26,13.56,89.27,11.64,moderate
390.2,6.23,61.67,2.08,low
368.19,11.1,51.75,4.73,low
411.21,19.64,64.65,1.27,low
234.64,1.07,98.26,22.9,high
363.2,9.66,31.06,1.86,low
302.54,35.95,118.59,21.07,high
396.34,16.73,65.45,6.62,low
269.59,1.74,104.88,23.24,high
466.43,42.62,119.89,27.09,high
242.96,49.53,91.24,23.15,high
351.31,30.55,43.38,11.65,moderate
470.69,38.18,104.07,22.35,high
413.67,16.58,64.1,2.82,low
394.99,17.66,58.06,0.7,normal
374.19,19.34,46.65,9.3,low
398.93,16.94,56.7,1.16,normal
408.93,18,47.19,0.36,normal
384.07,12.6,56.45,3.69,normal
267.82,1.44,111.58,23.27,high
355.31,32.82,84.21,2.63,moderate
356.31,13.27,82,10.95,moderate
361.27,18.17,47.23,3.08,low
396.34,10.02,43.21,4.34,normal
340.41,15.14,32.54,16.5,moderate
404.86,5.23,65.73,2.93,low
364.95,19.68,61.91,0.81,low
366.73,14.68,65.35,3.7,low
466.13,1.44,97.29,20.87,high
264.59,1.34,110.8,24.16,high
414.72,12.33,43.85,2.92,normal
369.23,14.7,38.83,8.17,low
394.88,28.67,70.04,0.9,moderate
466.35,37.07,98.3,26.35,high
402.31,28.09,71.04,3.54,moderate
406.15,8.02,63.51,0.18,low
361.61,6.49,59.57,2.35,low
466.73,47.92,94.48,24.88,high
259.46,39.94,112.67,25.13,high
407.69,11.49,46.19,4.69,normal
476.06,0.7,94.7,22.74,high
377.23,19.27,40.28,2.54,low
477.13,0.42,96.07,29.2,high
414.57,17.64,32.29,2.24,normal
384.72,11.73,34.57,1.06,normal
385.65,18.35,36.89,2.11,normal
411.06,11.18,59.3,5.14,low
478.95,1.41,115.78,26,high
406.62,19.13,44.72,3,normal
406.04,17.09,39.88,0.14,normal
386.54,14.9,30.93,0.71,normal
353.05,28.15,81.62,0.3,moderate
408.04,34.97,31.07,13.66,moderate
396.3,17.2,78.93,17.65,moderate
404.1,12.9,33.8,0.92,normal
356.62,31.7,42.76,16.95,moderate
393.97,7.06,33.44,8.65,low
476.04,0.17,98.22,24.65,high
284.36,0.98,109.72,22.45,high
376.07,14.94,49.2,8.94,low
210.44,0.83,95.82,24.96,high
418.69,18.54,52.47,4.14,normal
341.03,19.42,40.41,15.4,moderate
342,11.07,71.09,14.68,moderate
460.85,1.52,94.94,26.67,high
268.36,0.79,116.64,29.04,high
374.46,16.09,66.7,2.56,low
351.22,27.93,78.63,0.25,moderate
411.97,18.86,59.79,0.35,normal
253.7,38.57,115.65,28.87,high
402.98,17.49,59.35,3.74,normal
467.6,43.02,105.97,22.35,high
367.59,15.98,46.19,0.09,low
390.74,16.82,41.31,3.55,normal
383.18,30.78,74.51,16.81,moderate
226.02,45.08,107.52,25.9,high
387.88,30.19,89.63,0.39,moderate
256.07,0.01,112.77,29.3,high
413.21,12.15,42.24,0.61,normal
410.89,34.43,75.65,14.68,moderate
382.71,16.89,80.4,13.14,moderate
418.63,9.91,32.64,9.73,low
323.92,0.28,92.23,22.48,high
344.78,16.53,82.94,4.63,moderate
347.66,12.32,74.4,14.22,moderate
417.34,11.16,36.58,0.09,normal
385.11,19.23,49.06,5.19,low
283.27,0.23,113.84,27.42,high
377.9,16.01,37.17,6.89,low
235.96,0.92,112.18,21.32,high
347.87,32.36,38.71,18.93,moderate
479.9,39.25,94.17,26.6,high
395.48,8.45,52.93,4.98,low
472.98,1.95,116.84,24.67,high
391.5,19.84,37.84,3.73,normal
418.49,19.73,50.26,3.08,normal
400.87,11.7,42.43,0.19,normal
400.77,17.06,43.86,0.75,normal
399.55,12.35,34.38,3.18,normal
460.61,36.42,103.9,23.55,high
391.5,12.61,47.76,4.17,normal
395.78,12.37,54.66,4.01,normal
462.64,1.87,118.74,26.5,high
392.14,26.36,82.05,18.18,moderate
229.51,46.32,111.63,22.37,high
265.35,1.5,90.69,26.33,high
395.81,14.94,49.81,2.63,normal
472.76,42.55,92,23.23,high
357.1,16.8,40.97,17.11,moderate
202.16,49.19,102.44,22.92,high
416.01,12.67,45.36,0.75,normal
371.77,17.16,61.38,1.27,low
236.78,35.51,116.43,20.52,high
367.64,11.54,39.53,3.78,low
417.44,16.88,43.24,0.95,normal
469.18,1.09,103.42,25.78,high
396,27.55,80.99,13.13,moderate
354.62,16.96,70.26,19,moderate
402,18.43,52.23,1.56,normal
280.17,0.41,116.8,27.25,high
262.84,0.41,107.03,29.65,high
401.4,8.51,40.83,5,low
368.05,11.65,31.74,1.46,low
399.02,17.21,67.36,7.48,low
386.52,12.58,52.69,4.56,normal
200.26,1.38,92.38,25.62,high
369.89,9.4,30.84,0.31,low
391.99,18.68,42.56,6.32,low
398.67,13.24,69.8,3.58,low
409.16,13.44,42.13,2.76,normal
472.53,37.37,96.35,24.22,high
391.93,5.32,35.11,7.89,low
395.39,15.46,40.18,1,normal
383.6,16.05,35.78,0.46,normal
400.2,18.43,46.12,0.43,normal
367.97,16.76,51.01,4.27,low
463.03,42.84,104.96,21.41,high
395.25,12.41,44.4,0.43,normal
345.47,10.75,72.79,0.85,moderate
273.28,45.92,102.63,26.76,high
359.68,29.98,58.79,10.57,moderate
478.56,39.82,97.43,20.26,high
412.4,28.68,81.81,4.78,moderate
347.34,10.59,76.76,13.24,moderate
350.56,14.86,73.68,11.68,moderate
347.54,19.48,71.84,10.63,moderate
407.87,13.23,39.22,7.74,low
393.8,30.84,73.15,15.73,moderate
408.58,13.49,58.75,1.36,normal
382.3,12.89,64.84,9.43,low
361.42,15.95,48.08,4.2,low
303.97,36.06,108.46,26.86,high
361.21,14.22,40.5,8.92,low
403.17,8.46,67.61,3.65,low
466.2,40.21,101.13,26.99,high
408.86,12.35,50.73,2.67,normal
366.92,10.36,42.25,4.96,low
390.63,7.27,38.99,0.34,low
406.41,34.62,75.8,14.69,moderate
401.11,13.49,45.56,4.48,normal
470.57,0.06,106.22,21.54,high
477.74,1.96,106.92,29.09,high
386.03,12.78,46.16,2.77,normal
416.74,11.25,35.2,2.97,normal
461.57,1.45,107.07,21.4,high
392.02,15.48,89.21,11.59,moderate
395.52,18.29,57.7,0.84,normal
417.78,18.3,58.91,2.1,normal
281.34,1.17,92.77,28,high
404.48,18.32,32.49,3.99,normal
399.52,19.38,81.9,15.17,moderate
390.21,13.01,49.3,4.77,normal
401.08,11.42,75.45,10.01,moderate
379.96,16.65,56.72,7.56,low
411.86,11.25,66.03,8.79,low
370.79,10.61,64.63,4.21,low
378.66,14.53,62.09,2.32,low
470.6,0.69,102.22,23.78,high
467.72,42.95,112.57,20.84,high
476.27,43.41,110.59,20.62,high
363.37,14.51,39.68,9.97,low
397.61,15.2,63,0.76,low
387.67,14.27,37.05,4.96,normal
367.27,14.28,52.86,3.66,low
397.84,31.76,36.81,11.07,moderate
392.39,7.02,60.68,0.15,low
471,1.65,95.44,22.01,high
390.88,11.34,46.53,1.56,normal
417.1,11.87,41.2,0.05,normal
472.34,49.76,108.73,23.73,high
310.37,43.78,119.44,20.03,high
384.02,13.98,42.38,9.3,low
410.41,13.32,66.42,5.53,low
351.79,26.66,59.3,3.21,moderate
389.18,12.33,42.63,8.27,low
397.04,15.39,36.77,2.92,normal
370.14,19.69,31.03,3.62,low
389.11,11.28,67.95,3.5,low
349.88,16.21,76.32,11.66,moderate
340.81,26.99,39.17,4.09,moderate
340.88,34.51,74.82,4.35,moderate
350.97,25.32,44.07,14.37,moderate
471.18,0.06,115.29,26.72,high
373.36,17.33,41.14,3.96,low
341.91,18.12,75.55,4.52,moderate
244.48,0.5,92.64,26.05,high
399.01,8.47,55.93,3.99,low
357.73,15,87.47,16.63,moderate
411.24,25.27,88.2,0.32,moderate
461.04,0.22,100.79,25.94,high
349.25,29.32,37.47,13.15,moderate
389.96,15.74,63.32,6.63,low
418.27,19.16,31.86,2.17,normal
466.87,0.88,104.32,29.82,high
401.98,17.78,40.35,2.43,normal
419.57,15.61,30.89,3.56,normal
468.08,0.35,108.2,29.22,high
259.17,49.31,100.99,22.63,high
346.48,33.35,47.91,2.53,moderate
385.86,16.82,52.42,4.33,normal
331.88,1.95,105.8,27.89,high
379.44,5.08,40.08,0.22,low
467.11,42.2,94.63,29.93,high
413.7,27.24,72.19,17.59,moderate
464.27,1.94,100.06,22.88,high
383.5,7.53,66.01,4.07,low
380.12,19.79,58.24,0.74,normal
471.24,35.29,94.48,20.51,high
471.55,1.11,111.27,27.93,high
361.71,15.19,44.3,6.58,low
460.35,40.99,105.74,22.61,high
460.49,46.63,90.12,21.62,high
410.52,18.03,52.78,2.63,normal
391.1,19.54,44.07,1.32,normal
407.82,16.66,83.11,19.64,moderate
412.29,17.29,37.54,4.47,normal
460.76,40.56,91.21,21.2,high
383,31.05,83.32,1.95,moderate
234.37,35.58,109.3,28.53,high
211.12,0.07,99.6,20.24,high
394.15,17.42,65.44,8.64,low
343.91,33,41.97,4.2,moderate
465.05,0.71,115.67,27.66,high
372.08,7.87,51.34,0.4,low
372.1,11.49,60.89,0.7,low
387.72,14.14,32.54,3.25,normal
398.65,30.1,76.82,0.01,moderate
385.45,14.06,44.89,0.4,normal
327.98,38.43,93.17,25.82,high
412.17,5.45,46.31,8.62,low
387.98,27.45,77.76,17.18,moderate
368.23,16.81,42.31,4.49,low
474.81,1.92,107.35,25.27,high
416.14,19.78,53.92,1.36,normal
380.08,16.53,65.64,7.75,low
419.41,34.05,78.1,2.25,moderate
379.67,14.77,67.59,3.86,low
392.55,15.46,42.55,1.85,normal
367.68,12.62,68.27,2.89,low
471.71,46.25,106.86,27.41,high
462.37,49.41,103.54,27.18,high
393.35,16.65,65.04,9.37,low
382.78,11.94,43.6,4.16,normal
472.31,0.03,110.95,25.65,high
401.18,6.29,60.36,2.91,low
383.08,12.15,48.69,3.75,normal
402.93,16.28,85.48,11.66,moderate
343.04,16.15,55.02,17.63,moderate
388.2,19.73,31.5,0.08,normal
340.03,16.99,87.65,3.68,moderate
377.14,6.92,40.63,3.61,low
339.28,1.33,90.03,28.27,high
478.75,0.41,118.41,25.11,high
388.06,17.01,56.9,1.27,normal
416.89,26.85,55.76,10.92,moderate
226.71,42.76,109.23,22.06,high
403.98,11.06,33.21,3.07,normal
395.25,17.91,49.69,4.11,normal
403.56,10.5,32.94,2.21,normal
272.25,40.82,95.73,29.74,high
343.91,30.14,39.66,14.01,moderate
352.84,29.25,83.91,4.96,moderate
417.07,29.24,86.36,15.43,moderate
464.79,0.97,100.05,27.84,high
462.74,0,102.28,28.8,high
216.51,1.49,93.62,21.33,high
406.98,15.98,86.66,19.78,moderate
342.38,17.23,70.04,4.78,moderate
387.49,6.24,46.82,2.48,low
360.33,16.16,48.36,3.98,low
405.04,10.03,38.91,0.39,normal
414.47,7.05,44.36,6.72,low
386.74,14.64,35.21,4.3,normal
371.26,12.63,66.36,3.57,low
399.77,17.43,67.25,6.22,low
360.09,19.72,68.72,3.42,low
346.23,30.63,43.42,14.39,moderate
345.01,27.45,58.36,12.1,moderate
379.03,10.11,49.1,1.83,low
469.35,36.37,96.78,21.28,high
402.47,12.68,32,4.54,normal
399.74,7.03,40.62,0.19,low
404.62,9.54,60.1,1.06,low
371.12,16.88,65.31,1.94,low
399.94,15.44,35.69,1.76,normal
348.23,17.3,57.12,13.84,moderate
374.18,16.69,58.56,0.89,low
363.33,10.87,44.21,5.93,low
352.88,28.36,58.83,2.15,moderate
318.75,1.63,118.85,29.72,high
395.05,26.39,81.79,12.54,moderate
361.49,11.38,31.72,1.93,low
253.88,1.56,118.66,24.24,high
378.81,17.99,30.37,4,low
344.91,33.52,56.91,16.63,moderate
418.34,18.67,49.74,0.03,normal
339.24,1.4,111.2,21.61,high
464.94,1.81,104.42,24.11,high
391.78,18.79,30.33,0.18,normal
376.39,10.29,62.34,3.93,low
346.93,15.64,48.81,14.82,moderate
397.25,11.67,38.6,3.35,normal
389.09,11.12,31.01,8.16,low
409.48,18.96,32.21,4.67,normal
414.3,13.23,59.44,4.36,normal
402.2,32.7,86.27,17.97,moderate
351.89,12.92,85.18,18.6,moderate
356.83,29.25,73.71,4.65,moderate
378.56,16.86,56.64,0.75,low
473.94,37.35,96.54,21.66,high
381.69,8.32,59.13,4.51,low
369.41,5.08,35.19,0.25,low
472.42,45.48,99.02,25.63,high
406.77,12.1,48.59,0.22,normal
355.68,30.13,46.82,1.59,moderate
353.64,14.96,32.39,15.24,moderate
308.07,44.37,118.25,28.38,high
402.53,12.46,34.82,0.27,normal
412.8,13.1,57.98,4.37,normal
417.02,7.58,39.48,8.97,low
358.39,27.31,35.54,11.78,moderate
399.82,10.49,35.27,2.27,normal
381.99,10.84,30.72,4.18,normal
409.91,33.66,76.47,3.11,moderate
411.94,7.97,35.17,1.45,low
348.36,19.58,75.5,17.09,moderate
324.9,1.71,115.52,27.06,high
231.39,1.62,104.68,21.98,high
237.65,0.58,102.43,27.11,high
471.67,40.19,105.8,21.54,high
403.33,11.74,38.94,1.76,normal
357.35,30.15,59.38,13.47,moderate
315.1,1.47,99.11,22.09,high
392.78,12.14,41.06,1.98,normal
386.26,18.59,54.48,2.9,normal
380.1,15.38,30.16,2.86,normal
393.1,16.05,49.78,3.17,normal
358.67,17.02,85.14,3.38,moderate
369.73,8.33,46.03,1.89,low
417.9,16.94,49.29,0.52,normal
464.93,1.54,100.14,26.63,high
344.84,33.99,44.02,3.23,moderate
404.56,18.63,39.16,1.14,normal
372.95,8.3,34.31,4.48,low
361.57,18.76,45.76,3.7,low
419.49,15.13,58.37,3.93,normal
418.07,16.24,38.5,4.94,normal
473.51,43.59,119.98,23.07,high
353.33,19.78,81.58,19.66,moderate
349.51,16.84,59.99,19.3,moderate
387.81,19.87,43.51,2.82,normal
388.78,34.78,89,4.65,moderate
383,32.66,77.11,17.59,moderate
476.61,1.48,109.92,22.3,high
416.68,18.98,53.63,4.56,normal
381.85,12.26,65.42,3.17,low
408,15.58,45.83,4.28,normal
469.99,49.44,116.67,21.09,high
419.61,10.64,48.15,3.04,normal
399.11,14.7,34.67,0.89,normal
377.71,13.08,69.41,0.94,low
344.84,10.67,84.49,1.21,moderate
221.7,0,96.12,24.57,high
231.75,1.67,112.73,23.52,high
377.35,5.62,38.13,2.42,low
412.19,32.19,88.61,11.46,moderate
249.58,38.1,105.74,27.65,high
285.5,37.32,90.38,23.61,high
372.58,17.04,39.1,2.04,low
318.71,35.77,113.65,27.73,high
419.84,19.2,49.58,4.33,normal
409.72,17.54,35.72,4.6,normal
387.07,12.45,57.38,4.51,normal
405.64,11.71,50.68,0.83,normal
475.96,0.59,116.25,24.63,high
394.19,18.89,47.48,3.64,normal
404.88,7.67,37.17,3.62,low
388.76,13.68,51.76,4.28,normal
466.88,46.74,112.71,24.39,high
418.86,19.32,37.86,4.09,normal
357.13,11.01,73.06,15.44,moderate
406.56,15.04,51.98,2.86,normal
357.98,27.28,74.12,3.21,moderate
416.99,14.71,31.32,2.82,normal
355.08,11.98,58.53,17.41,moderate
344.69,17.48,74.62,10.38,moderate
403.3,10.86,49.76,3.45,normal
413.78,7.03,32.56,1.64,low
382.41,14.23,46.28,1.41,normal
407.19,14.95,56.94,0.35,normal
256.55,48.6,92.79,21.22,high
472.86,1.46,119.35,22.25,high
405.18,14.95,45.69,1.23,normal
353.96,17.78,71.57,19.02,moderate
256.62,41.17,110.95,20.5,high
379.25,7.96,51.79,3.02,low
413.72,17.33,52.78,1.1,normal
475.95,0.54,92.91,25.68,high
411.89,16.2,36.65,3.55,normal
345.58,33.92,57.11,10.58,moderate
399.07,11.69,53.67,0.44,normal
361.32,15.61,34.24,2.85,low
359.3,27.34,74.44,0.57,moderate
415.99,14.68,79.78,15.2,moderate
416.74,11.19,41.87,6.65,low
413.37,13.87,50.65,1.52,normal
395.47,14.51,49,0.6,normal
396.36,12.38,65.5,6.76,low
382.1,14.06,60.44,5.38,low
303,0.3,114.75,20.11,high
401.56,19.42,59.85,7.18,low
405.19,13.52,56.34,3.27,normal
344.92,25.57,52.32,2.04,moderate
349.75,10.35,84.03,14.2,moderate
418.92,19.99,34.26,1.95,normal
359.08,27.93,57.46,15.08,moderate
280.61,1.8,92.49,22.87,high
388.2,10.49,54.67,0.47,normal
382.11,16.92,52.49,3.09,normal
412,11.49,43.14,2.6,normal
379.54,10.34,66.9,3.58,low
394.41,15.62,36.95,2.87,normal
386.91,12.59,66.05,4.86,low
417.73,10.33,38.25,2.13,normal
407.09,13.61,36.04,0.27,normal
418.64,19.32,35.3,3.23,normal
338.46,48.99,98.34,27.63,high
335.35,0.74,112.37,22.73,high
357.02,26.65,54.01,18.06,moderate
469.06,37.87,102.3,25.07,high
258.3,45.97,111.92,29.51,high
395.25,15.27,37.24,0.75,normal
388.38,14.09,58.27,3.73,normal
313.9,49.51,119.34,26.06,high
339.3,45.6,106.97,26.23,high
268.3,0.77,101.09,28.96,high
403.24,19.48,63.02,6.13,low
354.31,11.6,53.44,13.82,moderate
476.23,1.99,96.54,26.69,high
466.91,1.15,110.08,25.1,high
341.57,15.39,76.11,2.09,moderate
462.9,47.9,103.56,25.9,high
407.43,10.42,42.51,2.51,normal
350.35,14.46,84.15,2.92,moderate
476.83,45.13,100.06,26.33,high
388.57,30.98,33.75,15.54,moderate
211.69,1.16,109.71,29.41,high
387.11,18.31,37.14,0.08,normal
388.03,11.08,67.11,3.68,low
250.21,1.51,103.45,25.96,high
367.27,17.75,33.49,8.15,low
342.87,29.75,57.61,12.43,moderate
413.75,16.81,31.03,2.91,normal
412.47,13.75,34.76,3.42,normal
400.96,19.88,35.67,4.06,normal
401.6,28.05,86.18,0.85,moderate
400.82,13.39,54.05,2.19,normal
381.99,33.78,75.81,19.52,moderate
360.86,19.77,62.17,3.91,low
350.33,10.02,75.56,17.79,moderate
381.72,31.76,48.01,13.61,moderate
417.98,14.72,54.19,4.49,normal
394.43,12.12,64.51,4.82,low
471.8,35.49,92.37,21.92,high
383.19,12.55,35.27,4.67,normal
372.39,8.06,36.96,2.17,low
367.75,14.23,64.84,0.02,low
418.94,12.99,60.79,0.71,low
359.05,12.83,74.76,11.99,moderate
396.54,11.74,48.68,2.23,normal
399.77,13.53,60.72,0.79,low
363.97,6.53,33.98,2.93,low
400.32,32.09,40.2,11.07,moderate
468.57,48.36,119.6,25.01,high
418.33,10.65,46.81,1.16,normal
369.92,16.58,44.17,8.3,low
410.15,33.85,80.94,11.16,moderate
405.53,15.04,85.83,12.63,moderate
344.04,12.49,88.18,19.62,moderate
406.65,10.57,56.26,9.41,low
330.61,37.49,94.08,26.68,high
386.52,19.85,38.15,0.86,normal
463.75,46.75,108.05,26.6,high
345.53,12.94,71.88,14.81,moderate
413.23,30.22,87.53,3.11,moderate
372.82,6.06,58.9,3.88,low
388.08,25.04,83.48,12.23,moderate
312.21,1.02,93.52,23.45,high
384.61,8.6,38.69,3.45,low
204.78,43.06,101.83,23.33,high
466.32,1.27,102.17,21.04,high
413.45,16.01,30.29,4.89,normal
384.79,16.29,43.66,1.95,normal
229.99,0.25,109.17,24.73,high
387.73,9.76,50.15,6.76,low
393.32,13.63,40.31,2.38,normal
398.79,8.83,61.7,3.65,low
362.5,18.8,30.81,1.12,low
340.8,18.82,75.89,11.27,moderate
408.63,12.64,47.53,0.02,normal
402.53,18.03,41.45,3.59,normal
358.69,11.29,89.19,10.09,moderate
384.42,25.34,82.15,3.96,moderate
342.35,27.62,83.98,2.78,moderate
359,26.2,48.6,0.64,moderate
277.18,0.92,115.66,25.65,high
403.53,29.58,33.03,14.99,moderate
384.63,15.54,39.38,3.45,normal
351.86,11.96,53.16,16.35,moderate
380.37,10.99,31.72,9.6,low
396.3,12.15,57.55,6.28,low
479.43,1.36,111.4,28.58,high
399.96,5.29,52.86,1.94,low
389.07,10.49,36.54,6.31,low
340.24,10.54,88.75,15.91,moderate
405.38,18.38,43.12,2.37,normal
396.31,9.03,39.03,1.45,low
463.71,38.68,114.01,22.64,high
410.22,12.94,36.66,6.32,low
417.84,19.06,54.23,4.1,normal
381.54,5.87,41.65,4.63,low
404.66,25.2,88.63,16.83,moderate
476.54,0.18,110.51,28.19,high
360.35,19.41,44.68,2.04,low
355.36,14.07,74.39,10.33,moderate
417.91,11.03,45.49,2.13,normal
410.68,19.14,68.7,0.37,low
345.59,32.4,77.84,3.38,moderate
332.98,40.08,111.23,24.68,high
476.71,48.38,93.37,25.82,high
384.95,17.32,34.12,3.26,normal
396.1,16.68,33.64,2.49,normal
385.25,16.63,33.7,2.1,normal
380.29,10.01,38.89,1.86,normal
396.55,11.85,46.41,2.84,normal
464.02,46.12,101.01,27.29,high
397.66,13.55,30.37,2.73,normal
404.28,14.13,60.26,3.01,low
376.58,19.67,36.49,5.05,low
371.39,12.01,52.29,5.9,low
388.62,12.01,47.53,4.28,normal
473.01,0.53,119.19,23.39,high
383.43,11.63,50.29,3.36,normal
342.51,17.01,71.29,12.26,moderate
221.48,47.19,101.19,28.85,high
351.42,29.17,48.03,12.58,moderate
405.29,14.61,43.24,4.34,normal
393.28,13.63,77.42,10.92,moderate
210.88,43.87,113.72,25.5,high
397.45,13.26,65.19,4.86,low
472.46,0.93,94.5,25.59,high
398.43,12.8,46.89,2.71,normal
397.6,14.73,52.66,4.41,normal
362.63,10.04,44.11,0.97,low
393.78,28.61,70.86,11.1,moderate
468.94,0.02,110.5,25.05,high
411.9,27.37,73.96,11.77,moderate
224.78,41.11,94.34,26.86,high
349.14,15.42,43.53,19.57,moderate
418.86,18.18,45.24,2.57,normal
344.64,28.88,71.16,4.74,moderate
372.7,16.66,57.11,3.44,low
414.69,11.96,46.02,3.98,normal
355.92,15.95,87.49,15,moderate
232.81,48.07,114.32,22.26,high
236.99,39.94,116.65,25.5,high
347.92,26.02,74.2,3.76,moderate
348.55,34.89,71.65,4.1,moderate
411.36,5.4,56.84,0.53,low
231.37,0.97,96.88,28.74,high
393.94,18.34,49.69,2.44,normal
410.72,7.78,30.01,3.56,low
399.76,13.46,34.07,4.98,normal
362.69,19.62,69.62,3.35,low
415.25,14.54,49.78,4.79,normal
354.29,31.44,85.66,0.97,moderate
408.99,11.54,32.58,3.38,normal
343.16,13.89,76.16,16.62,moderate
387.21,16.03,53.2,2.84,normal
410.6,13.23,38.75,0.3,normal
383.4,17.94,49.91,0.56,normal
413.83,11.27,69.26,0.14,low
398.84,19.16,56.09,0.44,normal
386.63,10.53,57.68,3.72,normal
407.59,15.7,32.43,2.79,normal
234.59,0.03,99.55,25.42,high
288.04,0.8,109.48,21.62,high
358.47,15.51,31.66,17.9,moderate
412.1,8.95,68.83,0.14,low
279.87,0.06,104.44,20.26,high
372.03,5.36,42.24,4.32,low
402.88,17.75,31.2,3.84,normal
392.85,15.11,68.98,4.27,low
398,26.05,78.42,19.55,moderate
395.72,8.04,46,7.4,low
386.61,18.51,58.76,2.62,normal
387.92,14.76,50.51,3.51,normal
391.78,5.18,69.51,0.59,low
387.42,12.64,41.45,2.28,normal
416.79,15.89,35.98,2.25,normal
406.1,15.2,55.33,2.31,normal
362.65,8.31,50.91,3.11,low
403.75,14.29,57.85,2.96,normal
417.08,10.43,36.5,4.34,normal
381.58,18.18,66.89,1.74,low
341.1,31.57,44.35,12.71,moderate
393.74,6.59,46.23,0.53,low
377.95,9.06,47.09,1.75,low
359.85,30.67,72.8,1.08,moderate
327.83,40.83,98.07,21.32,high
379.66,13.06,69.33,1.02,low
411.09,12.91,54.17,9.62,low
391.64,6.47,61.93,4.32,low
355.05,16.46,85.95,4.16,moderate
394.75,25.51,81.91,2.79,moderate
413.61,10.91,47.42,2.42,normal
387.69,5.09,49.45,2.22,low
382.94,6.38,31.03,0.93,low
464.23,0.4,92.98,20.59,high
417.38,13.97,43.65,2.9,normal
394.65,17.34,38.76,4.31,normal
466.95,40.63,111.72,22.88,high
303.14,1.34,117.98,25.8,high
214,0.82,97.26,26.15,high
361.41,12.67,36.76,0.28,low
388.22,18.7,42.9,4.43,normal
468.84,37.73,105.63,22.82,high
392.01,11.67,63.44,2.35,low
411.75,11.13,38.96,2.08,normal
399.77,10.66,40.74,0.49,normal
381.89,34.65,55.24,15.56,moderate
461.05,44.32,102.89,27.44,high
399.28,16.18,75.3,15.12,moderate
408.84,8.19,40.82,8.1,low
356.24,27.72,53.09,17.42,moderate
410.78,5.11,33.63,3.88,low
474.78,48.54,112.46,22.49,high
349.97,28.09,87.01,4.76,moderate
370.55,7.67,46.99,4.24,low
371.66,15.04,53.48,3.03,low
331.9,0.45,105.01,29.09,high
402.72,16.37,50.94,0.36,normal
344.72,16.15,36.39,15.34,moderate
381.84,17.41,62.68,2.22,low
372.27,17.38,66.88,1.54,low
401.85,15.8,66.13,9.29,low
389.15,13.26,35.94,2.22,normal
396.43,19.61,56.2,4.59,normal
403.58,5.06,58.11,1.08,low
466.74,36.07,104.02,23.34,high
312.69,43.32,104.56,27.84,high
380.86,8.57,42.04,8,low
360.55,17.52,30.32,8.43,low
402.89,10.91,51.09,0.47,normal
208.93,37.49,100.54,22.57,high
398.24,12.23,48.84,3.14,normal
371.14,5.83,57.05,0.21,low
405.83,19.66,60.31,4.55,low
460.38,36.76,108.02,29.32,high
417.74,19.53,86.02,19.48,moderate
393.46,8.8,60.51,1.1,low
366.1,15.47,44.18,0.27,low
411.75,5.09,30.03,7.85,low
344.45,15.58,87.21,0.08,moderate
